"NIK","nama","tempat_lahir","tanggal_lahir","jenis_kelamin","golongan_darah","alamat","agama","status_perkawinan","pekerjaan","kewarganegaraan"
"0647889245898855","Rth pRc3","Banyuwangi","1988-01-05","Laki-Laki","A","Jl. Rth pRc3 No. 87","Katolik","Menikah","Tukang Batu","Perancis"
"0602246337306146","J4N3T C4Rt3r","Bekasi","1987-06-21","Laki-Laki","O","Jl. J4N3T C4Rt3r No. 16","Khonghucu","Menikah","Tentara Nasional Indonesia","Amerika"
"7467372956446372","R05VlT W4rn3r","Samarinda","1979-12-16","Laki-Laki","A","Jl. R05VlT W4rn3r No. 85","Katolik","Menikah","Buruh Peternakan","Filipina"
"7399010160733880","53Th C4RP3Ntr","Sabang","1971-02-04","Laki-Laki","O","Jl. 53Th C4RP3Ntr No. 89","Protestan","Cerai","Tabib","Indonesia"
"3931785535072303","G0rGnN RYN","Surakarta","1972-09-27","Laki-Laki","A","Jl. G0rGnN RYN No. 20","Buddha","Belum Menikah","Pengacara","Malaysia"
"4090584597263031","cLD4 tT3n","Surakarta","1955-03-05","Perempuan","O","Jl. cLD4 tT3n No. 15","Islam","Cerai","Industri","Malaysia"
"1752893831993996","SCTT MlLR","Trenggalek","1993-09-14","Perempuan","A","Jl. SCTT MlLR No. 78","Buddha","Cerai","Penyiar Televisi","Perancis"
"0442403997275923","pRsClL Wh1T3","Kediri","1975-11-16","Perempuan","B","Jl. pRsClL Wh1T3 No. 75","Protestan","Menikah","Anggota BPK","Vietnam"
"3267508482921543","KeLv1N B4rRY","Batu","2000-07-22","Laki-Laki","O","Jl. KeLv1N B4rRY No. 49","Hindu","Belum Menikah","Buruh Harian Lepas","Korea"
"5359950789320397","PegGy W1lL1am","Batu","1990-12-24","Laki-Laki","A","Jl. PegGy W1lL1am No. 17","Islam","Cerai","Pedagang","Amerika"
"5515769893710060","PauLA L0pez","Madiun","1969-01-04","Laki-Laki","AB","Jl. PauLA L0pez No. 68","Islam","Belum Menikah","Anggota Mahkamah Konstitusi","Thailand"
"7911802610940157","g0nzL m3nD3z","Binjai","1983-11-10","Laki-Laki","B","Jl. g0nzL m3nD3z No. 31","Buddha","Cerai","Tentara Nasional Indonesia","Singapura"
"0824843736690632","m4URa CL4Rk","Semarang","1990-12-16","Perempuan","O","Jl. m4URa CL4Rk No. 42","Katolik","Belum Menikah","Buruh Harian Lepas","Brunei"
"5473784641444134","K3Th SndrS","Banyuwangi","1961-10-28","Laki-Laki","AB","Jl. K3Th SndrS No. 9","Buddha","Belum Menikah","Perdagangan","Jepang"
"4605434913708207","J1lL D3al","Madiun","1998-03-16","Perempuan","B","Jl. J1lL D3al No. 86","Khonghucu","Belum Menikah","Seniman","Malaysia"
"2726299532620403","j0hN r4H3","Yogyakarta","2003-06-30","Laki-Laki","AB","Jl. j0hN r4H3 No. 63","Protestan","Belum Menikah","Perancang Busana","Canada"
"7130611797726556","m1ldred kn1GHT","Palu","1963-09-28","Laki-Laki","AB","Jl. m1ldred kn1GHT No. 35","Islam","Cerai","Buruh Tani / Perkebunan","Indonesia"
"2797686267465477","M4RY MURPhy","Makassar","1950-03-13","Perempuan","B","Jl. M4RY MURPhy No. 96","Katolik","Cerai","Peneliti","Myanmar"
"4129876944077444","An154 rEbUCk","Nganjuk","1951-06-25","Laki-Laki","AB","Jl. An154 rEbUCk No. 30","Protestan","Menikah","Pialang","Jepang"
"7724657481403055","D0R0TH3 ph1LLpS","Bondowoso","2003-06-30","Perempuan","B","Jl. D0R0TH3 ph1LLpS No. 40","Islam","Menikah","Anggota DPRD Kabupaten","Myanmar"
"8005833367832318","RT 4l1x","Ponorogo","1967-12-02","Perempuan","O","Jl. RT 4l1x No. 91","Khonghucu","Menikah","Tukang Sol Sepatu","Inggris"
"6203497931266252","pTR1C4 GNDy","Mojokerto","1948-10-05","Perempuan","B","Jl. pTR1C4 GNDy No. 24","Katolik","Cerai","Presiden","Amerika"
"3758268211226114","rL g00d5","Boyolali","1962-06-05","Laki-Laki","O","Jl. rL g00d5 No. 37","Islam","Menikah","Apoteker","Canada"
"4585130452658420","GL4dys mr1n","Sumenep","1977-06-29","Laki-Laki","O","Jl. GL4dys mr1n No. 78","Buddha","Menikah","Penata Busana","Amerika"
"0796250512134439","ly5s L3","Mojokerto","1952-07-07","Laki-Laki","O","Jl. ly5s L3 No. 99","Khonghucu","Belum Menikah","Tabib","Indonesia"
"1285677374420015","sT3PH3n RObinSoN","Purwokerto","1999-05-09","Laki-Laki","AB","Jl. sT3PH3n RObinSoN No. 98","Buddha","Belum Menikah","Peternak","Laos"
"3348595672326473","rtH BRy4Nt","Makassar","1998-09-15","Laki-Laki","B","Jl. rtH BRy4Nt No. 68","Islam","Menikah","Anggota Lembaga Tinggi","Brunei"
"6225403513185001","r3nE 0Yl3r","Gresik","1961-06-28","Laki-Laki","A","Jl. r3nE 0Yl3r No. 23","Katolik","Menikah","Seniman","Kamboja"
"6079714599865823","Jana sandrOCK","Subulussalam","1947-09-26","Laki-Laki","B","Jl. Jana sandrOCK No. 100","Hindu","Belum Menikah","Mengurus Rumah Tangga","Vietnam"
"7239579256644605","p4triCI4 d3LR10","Magelang","1954-03-02","Laki-Laki","AB","Jl. p4triCI4 d3LR10 No. 88","Protestan","Belum Menikah","Anggota DPRD Kabupaten","Singapura"
"5760688617536234","sALv4T0re g4rrEn","Tangerang","1995-05-06","Laki-Laki","A","Jl. sALv4T0re g4rrEn No. 62","Buddha","Menikah","Tukang Sol Sepatu","Jepang"
"0269293410888890","MARinA kN4pP","Ponorogo","1961-11-07","Perempuan","AB","Jl. MARinA kN4pP No. 4","Islam","Belum Menikah","Seniman","Kamboja"
"6789507133751380","e5t3llE jENS3n","Malang","1958-01-15","Perempuan","AB","Jl. e5t3llE jENS3n No. 91","Islam","Menikah","Konstruksi","Thailand"
"7864064562239699","C5Y r0BNs0n","Banyuwangi","2003-02-05","Laki-Laki","AB","Jl. C5Y r0BNs0n No. 87","Islam","Belum Menikah","Konsultan","Thailand"
"5461307159998524","N1CHl4S B3Nntt","Batam","1979-05-11","Perempuan","AB","Jl. N1CHl4S B3Nntt No. 98","Khonghucu","Cerai","Wiraswasta","Italia"
"0021005183674267","cYNTh14 fsHR","Batu","1983-01-22","Perempuan","B","Jl. cYNTh14 fsHR No. 25","Hindu","Cerai","Tukang Gigi","Vietnam"
"7492481932650315","Milo HuL5","Lumajang","1986-01-12","Laki-Laki","B","Jl. Milo HuL5 No. 33","Katolik","Belum Menikah","Karyawan Swasta","Singapura"
"2551929212540045","lnD kTZ","Trenggalek","1986-04-01","Perempuan","B","Jl. lnD kTZ No. 96","Khonghucu","Cerai","Perangkat Desa","Italia"
"5072690847805276","sTacy KNApP","Tegal","1975-12-20","Laki-Laki","A","Jl. sTacy KNApP No. 14","Hindu","Belum Menikah","Kepolisian RI","Laos"
"9240766536192624","jHN b4Rthl3mY","Wonogiri","1978-05-12","Laki-Laki","B","Jl. jHN b4Rthl3mY No. 42","Hindu","Menikah","Atlit","Jepang"
"9047600069122178","JuD1Th mATth3wS","Lumajang","1970-04-11","Perempuan","B","Jl. JuD1Th mATth3wS No. 89","Islam","Cerai","Promotor Acara","Perancis"
"4113395842507051","jN G1LbrT","Madiun","2006-04-14","Laki-Laki","AB","Jl. jN G1LbrT No. 91","Khonghucu","Cerai","Peternak","Italia"
"1908669604950119","gn3 0lSn","Kediri","1949-10-08","Perempuan","A","Jl. gn3 0lSn No. 53","Buddha","Belum Menikah","Karyawan BUMN","Myanmar"
"0721043285805796","d3bR4 PiNcE","Sidoarjo","1972-08-09","Laki-Laki","A","Jl. d3bR4 PiNcE No. 48","Islam","Menikah","Tukang Las / Pandai Besi","Canada"
"4487266720526848","MicHA3l ru53rT","Kudus","1972-05-22","Perempuan","O","Jl. MicHA3l ru53rT No. 50","Protestan","Belum Menikah","Tenaga Tata Usaha","Jepang"
"5069827892849242","JSpH Mrr1lL","Surakarta","1968-08-28","Perempuan","AB","Jl. JSpH Mrr1lL No. 46","Khonghucu","Menikah","Penyiar Radio","Indonesia"
"9389583159084978","dN1l HRdNg","Malang","1976-08-04","Laki-Laki","A","Jl. dN1l HRdNg No. 64","Katolik","Menikah","Operator","Canada"
"0361362168474737","t1mThy l4r53N","Padang","1959-10-30","Perempuan","AB","Jl. t1mThy l4r53N No. 79","Protestan","Cerai","Belum / Tidak Bekerja","Perancis"
"8173328358051008","V3rn1TA l0NG","Trenggalek","1989-04-17","Perempuan","A","Jl. V3rn1TA l0NG No. 6","Khonghucu","Belum Menikah","Buruh Harian Lepas","Singapura"
"3509597981019001","VL3r phrR","Pacitan","2005-07-05","Laki-Laki","A","Jl. VL3r phrR No. 86","Khonghucu","Menikah","Pengacara","Vietnam"
"5076737165695301","cynth14 R0BNSN","Bojonegoro","1959-11-08","Perempuan","A","Jl. cynth14 R0BNSN No. 88","Katolik","Belum Menikah","Teknisi","Brunei"
"3557253897664673","FL0ReNc3 3p5t3iN","Brebes","1975-10-10","Perempuan","B","Jl. FL0ReNc3 3p5t3iN No. 94","Katolik","Menikah","Chef","Laos"
"0663372660667910","andre4 buRCH","Palembang","1954-01-15","Laki-Laki","O","Jl. andre4 buRCH No. 47","Hindu","Cerai","Atlit","Korea"
"0575051873288031","STeV3n gOoDWiLl","Bojonegoro","1986-03-04","Laki-Laki","AB","Jl. STeV3n gOoDWiLl No. 37","Khonghucu","Belum Menikah","Teknisi","Vietnam"
"3573557394098354","maRY w4ld3n","Madiun","1963-07-28","Laki-Laki","AB","Jl. maRY w4ld3n No. 44","Buddha","Menikah","Wakil Walikota","Inggris"
"0416286671704945","jAN1C3 grIFf0","Palembang","1951-11-01","Perempuan","B","Jl. jAN1C3 grIFf0 No. 73","Protestan","Menikah","Tukang Gigi","Perancis"
"8877011071057712","Jm5 v4zq3z","Trenggalek","1992-04-19","Perempuan","AB","Jl. Jm5 v4zq3z No. 34","Buddha","Cerai","Pialang","Laos"
"6248519798455644","mChLl THr34tt","Jember","1973-11-07","Laki-Laki","AB","Jl. mChLl THr34tt No. 36","Protestan","Menikah","Penata Busana","Amerika"
"9430026924484862","sTePh3N TH0mAS","Tanjungpinang","1948-05-26","Laki-Laki","B","Jl. sTePh3N TH0mAS No. 29","Islam","Menikah","Wiraswasta","Indonesia"
"0224661434938595","Jn MNt35","Banda Aceh","1979-03-08","Perempuan","B","Jl. Jn MNt35 No. 72","Khonghucu","Cerai","Pastur","Malaysia"
"7632778984728128","3lv1n SNoKe","Magelang","1987-03-24","Laki-Laki","AB","Jl. 3lv1n SNoKe No. 91","Hindu","Cerai","Notaris","Singapura"
"0135290213495307","3Lvr Dr1sclL","Banjarnegara","1959-11-01","Perempuan","AB","Jl. 3Lvr Dr1sclL No. 25","Katolik","Menikah","Buruh Nelayan / Perikanan","Jepang"
"6183253639738758","Bss3 BR1m4g","Bandar Lampung","1978-09-16","Laki-Laki","O","Jl. Bss3 BR1m4g No. 34","Buddha","Menikah","Chef","Jepang"
"4739122689478666","cH4Rle5 BaRTh","Cilegon","2002-06-01","Laki-Laki","B","Jl. cH4Rle5 BaRTh No. 17","Khonghucu","Menikah","Kepala Desa","Inggris"
"8244301340295031","BYR0n lY0n","Banyuwangi","1982-09-05","Perempuan","O","Jl. BYR0n lY0n No. 7","Islam","Menikah","Transportasi","Singapura"
"6801436609384189","K3llY cH4tmAN","Jambi","1954-07-02","Laki-Laki","B","Jl. K3llY cH4tmAN No. 7","Islam","Belum Menikah","Wiraswasta","Singapura"
"0493500661454795","3d stAMP5","Trenggalek","1974-11-06","Laki-Laki","AB","Jl. 3d stAMP5 No. 31","Hindu","Belum Menikah","Notaris","Indonesia"
"8811915837379122","pr1L M3RC4d","Kebumen","1955-07-05","Perempuan","O","Jl. pr1L M3RC4d No. 10","Protestan","Menikah","Buruh Tani / Perkebunan","Indonesia"
"6949231997670494","s4R4h M0FF3tT","Batam","1994-08-07","Perempuan","AB","Jl. s4R4h M0FF3tT No. 85","Hindu","Cerai","Asisten Ahli","Vietnam"
"2589300296936703","4D4M FrN4NdZ","Malang","1959-10-17","Perempuan","AB","Jl. 4D4M FrN4NdZ No. 96","Hindu","Belum Menikah","Anggota DPD","Korea"
"8685333660603319","3rC pDG3tt","Surakarta","1954-11-16","Laki-Laki","A","Jl. 3rC pDG3tt No. 87","Protestan","Menikah","Artis","Filipina"
"8449460617289065","3l1zAbeTh 5TY0nS","Trenggalek","1956-08-28","Perempuan","B","Jl. 3l1zAbeTh 5TY0nS No. 66","Islam","Cerai","Chef","Brunei"
"7799925311318726","M3L4N13 G4y","Kebumen","1985-04-05","Perempuan","B","Jl. M3L4N13 G4y No. 77","Buddha","Belum Menikah","Anggota Lembaga Tinggi","Kamboja"
"2130722327522868","lUCy c0ntoS","Denpasar","1958-03-12","Laki-Laki","A","Jl. lUCy c0ntoS No. 43","Khonghucu","Cerai","Perangkat Desa","Brunei"
"2823514383452150","Lat0y4 M3Ntzer","Mojokerto","1958-12-30","Laki-Laki","O","Jl. Lat0y4 M3Ntzer No. 15","Protestan","Cerai","Wakil Presiden","Kamboja"
"4263574954329243","4ntHOny tr3J0","Kediri","2007-02-27","Perempuan","O","Jl. 4ntHOny tr3J0 No. 14","Khonghucu","Menikah","Penyiar Radio","Thailand"
"4194109036018545","GR3GrY h1ll","Pamekasan","1950-07-15","Laki-Laki","O","Jl. GR3GrY h1ll No. 95","Protestan","Belum Menikah","Ustadz / Mubaligh","Brunei"
"8903010668341836","teRE5a 5T3w4rT","Malang","1995-03-22","Perempuan","B","Jl. teRE5a 5T3w4rT No. 93","Protestan","Belum Menikah","Pialang","Filipina"
"2557843257612786","KnNTH Gl4ND0n","Kudus","1958-11-20","Laki-Laki","B","Jl. KnNTH Gl4ND0n No. 49","Katolik","Belum Menikah","Chef","Singapura"
"5812073403631689","tam1 NElSoN","Surakarta","1977-05-07","Perempuan","AB","Jl. tam1 NElSoN No. 14","Katolik","Menikah","Pilot","Amerika"
"9061829265141225","c4r0l3 5eRRAta","Boyolali","1979-02-15","Laki-Laki","AB","Jl. c4r0l3 5eRRAta No. 54","Hindu","Belum Menikah","Karyawan BUMN","Canada"
"7372315798368140","mRSh4 3RCKS0n","Jember","1988-04-15","Perempuan","A","Jl. mRSh4 3RCKS0n No. 86","Hindu","Cerai","Wakil Walikota","Indonesia"
"8799296110474657","luanN3 h0lThAu5","Palu","1999-07-26","Laki-Laki","B","Jl. luanN3 h0lThAu5 No. 64","Khonghucu","Menikah","Buruh Peternakan","Vietnam"
"9818215684589180","C4R0l LVNg","Pasuruan","1971-01-21","Laki-Laki","AB","Jl. C4R0l LVNg No. 18","Protestan","Menikah","Wakil Gubernur","Inggris"
"2622426948184440","M1lDrD C0lL1N5","Samarinda","1952-11-28","Laki-Laki","O","Jl. M1lDrD C0lL1N5 No. 40","Katolik","Menikah","Pegawai Negeri Sipil","Amerika"
"6008086574740770","kevIn eRLer","Pacitan","1962-12-02","Laki-Laki","O","Jl. kevIn eRLer No. 22","Islam","Menikah","Karyawan BUMD","Malaysia"
"3196368765571822","mrk RdR1gZ","Denpasar","1995-06-02","Perempuan","A","Jl. mrk RdR1gZ No. 23","Hindu","Menikah","Pialang","Vietnam"
"8723234532170482","3Dna D4FFR0N","Pangkal Pinang","1977-06-19","Perempuan","O","Jl. 3Dna D4FFR0N No. 40","Katolik","Menikah","Kepala Desa","Korea"
"0323846523255873","RSsLL Blf0r","Pasuruan","2001-08-11","Perempuan","B","Jl. RSsLL Blf0r No. 42","Islam","Belum Menikah","Manajer","Amerika"
"5094230041438579","kATHy HAmPTon","Pasuruan","1964-07-07","Laki-Laki","B","Jl. kATHy HAmPTon No. 2","Hindu","Belum Menikah","Atlit","Canada"
"5554782986271444","mRY KL31n","Cilegon","2003-09-07","Perempuan","AB","Jl. mRY KL31n No. 5","Hindu","Menikah","Pialang","Brunei"
"2061992553964350","RBY HLl","Tasikmalaya","1963-07-14","Perempuan","O","Jl. RBY HLl No. 64","Katolik","Cerai","Pedagang","Thailand"
"2297498511596921","fRaNkL1n crOuCh","Tanjungpinang","1966-08-17","Laki-Laki","AB","Jl. fRaNkL1n crOuCh No. 37","Protestan","Menikah","Wiraswasta","Myanmar"
"2395600078208945","laUr3n h4RrELl","Jayapura","1987-08-25","Laki-Laki","O","Jl. laUr3n h4RrELl No. 12","Katolik","Belum Menikah","Perdagangan","Singapura"
"5805477420823696","frEdDy mUsgrOv3","Tegal","1978-09-16","Perempuan","B","Jl. frEdDy mUsgrOv3 No. 83","Buddha","Cerai","Penata Rias","Thailand"
"3764822551076723","VLM4 L0N4RD","Tulungagung","2006-06-05","Perempuan","AB","Jl. VLM4 L0N4RD No. 46","Hindu","Belum Menikah","Mengurus Rumah Tangga","Brunei"
"2216292918686695","r0Dn3y HnR1CKs","Pamekasan","1964-03-29","Perempuan","B","Jl. r0Dn3y HnR1CKs No. 40","Islam","Belum Menikah","Guru","Kamboja"
"6880375454003132","F4t1MA H0WELl","Medan","1969-07-03","Laki-Laki","AB","Jl. F4t1MA H0WELl No. 58","Khonghucu","Menikah","Tukang Listrik","Laos"
"0644564914446927","jenN1f3R mew","Malang","1981-09-28","Perempuan","B","Jl. jenN1f3R mew No. 44","Hindu","Belum Menikah","Pelajar / Mahasiswa","Canada"
"9236410661368573","Fr4nc5 c4Rp3NT3R","Kediri","1948-12-20","Laki-Laki","A","Jl. Fr4nc5 c4Rp3NT3R No. 18","Buddha","Cerai","Wakil Gubernur","Italia"
"2517559934315768","ST3Ll4 G4rc14","Binjai","1956-03-06","Perempuan","AB","Jl. ST3Ll4 G4rc14 No. 16","Katolik","Belum Menikah","Bupati","Canada"
"1082017581802749","MYrN4 h5","Lumajang","1950-09-23","Perempuan","A","Jl. MYrN4 h5 No. 90","Hindu","Belum Menikah","Pelaut","Amerika"
"7244987151871971","M4x LOFTU5","Bondowoso","1994-04-04","Perempuan","AB","Jl. M4x LOFTU5 No. 35","Protestan","Menikah","Seniman","Malaysia"
"9670530613603711","Em1lY LYNn","Sukabumi","1987-11-07","Laki-Laki","O","Jl. Em1lY LYNn No. 55","Islam","Cerai","Buruh Harian Lepas","Myanmar"
"5775268628264004","1d kngHT","Bondowoso","1948-09-02","Perempuan","A","Jl. 1d kngHT No. 72","Protestan","Cerai","Pendeta","Korea"
"0434104791609092","RayMond McClOud","Surakarta","1963-06-24","Laki-Laki","O","Jl. RayMond McClOud No. 84","Hindu","Belum Menikah","Tukang Sol Sepatu","Indonesia"
"2942442420465377","Lr1n 4rM5TrNG","Balikpapan","1968-04-08","Perempuan","AB","Jl. Lr1n 4rM5TrNG No. 68","Islam","Cerai","Guru","Brunei"
"0331664761735491","BRENDA RObiN5ON","Batu","1973-04-18","Perempuan","B","Jl. BRENDA RObiN5ON No. 35","Islam","Belum Menikah","Perangkat Desa","Amerika"
"1860820175816438","Kt smTH","Sampang","1972-10-03","Perempuan","A","Jl. Kt smTH No. 62","Protestan","Menikah","Wakil Presiden","Korea"
"4158867379306009","r3n3e FL0yd","Tasikmalaya","1950-06-15","Perempuan","O","Jl. r3n3e FL0yd No. 14","Katolik","Cerai","Penata Busana","Inggris"
"1152485888537725","w1lL hnCkly","Sidoarjo","1960-05-15","Perempuan","AB","Jl. w1lL hnCkly No. 21","Buddha","Belum Menikah","Tenaga Tata Usaha","Kamboja"
"3470807503380321","54C l0Flnd","Bogor","1970-08-09","Laki-Laki","A","Jl. 54C l0Flnd No. 20","Islam","Belum Menikah","Pekerja Pengolahan","Indonesia"
"2628142578361280","ChRIStIn3 H4mIlt0N","Salatiga","1957-11-03","Perempuan","B","Jl. ChRIStIn3 H4mIlt0N No. 100","Katolik","Belum Menikah","Pilot","Canada"
"6848281775639348","hERm4n ziNK","Tulungagung","1979-01-05","Laki-Laki","B","Jl. hERm4n ziNK No. 36","Protestan","Menikah","Industri","Filipina"
"8910151595780881","TheR354 blant0n","Probolinggo","2007-01-26","Laki-Laki","AB","Jl. TheR354 blant0n No. 23","Protestan","Cerai","Seniman","Thailand"
"2761813531440895","J0SphN3 PPL35","Malang","1997-02-11","Perempuan","B","Jl. J0SphN3 PPL35 No. 48","Katolik","Menikah","Bupati","Vietnam"
"0419036228383558","PhYLlI5 HUrT","Gorontalo","1951-02-14","Perempuan","A","Jl. PhYLlI5 HUrT No. 2","Khonghucu","Menikah","Kepolisian RI","Inggris"
"1896266811137079","JaMES TUggLe","Cilacap","2003-06-11","Laki-Laki","B","Jl. JaMES TUggLe No. 60","Islam","Menikah","Psikiater / Psikolog","Kamboja"
"0043469538084342","4NG3licA Sh0Ck","Jambi","1950-09-23","Perempuan","A","Jl. 4NG3licA Sh0Ck No. 36","Protestan","Belum Menikah","Penata Rambut","Myanmar"
"2848069310073909","J3r3mY ZP4T4","Salatiga","1996-06-03","Laki-Laki","O","Jl. J3r3mY ZP4T4 No. 32","Khonghucu","Belum Menikah","Guru","Malaysia"
"8773758077870066","kmBrLY l33","Nganjuk","2003-10-03","Laki-Laki","AB","Jl. kmBrLY l33 No. 12","Buddha","Belum Menikah","Konstruksi","Singapura"
"8895761968428764","CHr15T13 R5p5s","Bangkalan","1953-11-23","Laki-Laki","O","Jl. CHr15T13 R5p5s No. 37","Buddha","Belum Menikah","Asisten Ahli","Perancis"
"3981549404739604","l5 HLl","Subulussalam","1987-01-13","Perempuan","AB","Jl. l5 HLl No. 11","Khonghucu","Cerai","Peternak","Malaysia"
"8361957470120456","cARmEL1NA CHi5Olm","Jakarta","1999-04-30","Laki-Laki","AB","Jl. cARmEL1NA CHi5Olm No. 98","Katolik","Belum Menikah","Tukang Kayu","Vietnam"
"8438579868678723","5TaNLeY ALdR1CH","Sampang","1949-12-15","Perempuan","O","Jl. 5TaNLeY ALdR1CH No. 44","Protestan","Belum Menikah","Perdagangan","Indonesia"
"0638751213818358","Cl4Ud3 SULLA","Jember","1988-09-29","Perempuan","AB","Jl. Cl4Ud3 SULLA No. 32","Khonghucu","Menikah","Penata Busana","Inggris"
"6560513934434708","Pet3R r3ES3","Trenggalek","1967-09-08","Perempuan","B","Jl. Pet3R r3ES3 No. 100","Hindu","Cerai","Peternak","Brunei"
"7805415531988108","dGL5 hckM4N","South Tangerang","2006-12-08","Perempuan","B","Jl. dGL5 hckM4N No. 21","Protestan","Menikah","Lainnya","Brunei"
"6242665837687543","DN M4Rtn","Depok","1967-08-20","Perempuan","B","Jl. DN M4Rtn No. 42","Hindu","Cerai","Wiraswasta","Canada"
"7729690355296883","TOmmY M4thi4S","Sumenep","1986-11-25","Perempuan","O","Jl. TOmmY M4thi4S No. 94","Khonghucu","Belum Menikah","Perancang Busana","Brunei"
"7586160998090198","TRC H4yDN","Malang","1990-04-08","Perempuan","O","Jl. TRC H4yDN No. 45","Katolik","Menikah","Wakil Presiden","Singapura"
"1172720016876353","SZ13 gr1mLD0","Blitar","1951-03-22","Perempuan","A","Jl. SZ13 gr1mLD0 No. 93","Khonghucu","Cerai","Anggota DPR-RI","Thailand"
"1174367202336016","d3NNS SP1R35","Blitar","2003-03-15","Perempuan","B","Jl. d3NNS SP1R35 No. 35","Protestan","Menikah","Karyawan Honorer","Perancis"
"1379104913152458","stH3R lW","Batu","1954-08-15","Laki-Laki","A","Jl. stH3R lW No. 20","Hindu","Belum Menikah","Pastur","Indonesia"
"6840005526704359","ClaUd14 wiLli4m5","Kudus","1965-09-15","Perempuan","A","Jl. ClaUd14 wiLli4m5 No. 51","Katolik","Belum Menikah","Bidan","Brunei"
"7178053566758669","jean DEwiNG","Batu","2000-06-23","Perempuan","O","Jl. jean DEwiNG No. 41","Protestan","Belum Menikah","Wakil Walikota","Jepang"
"1353749983840769","Rn3 S3v3R","Cimahi","1999-12-29","Laki-Laki","A","Jl. Rn3 S3v3R No. 64","Islam","Cerai","Petani / Pekebun","Filipina"
"2929416467016244","glEn CR3Ss","Probolinggo","1994-04-10","Perempuan","AB","Jl. glEn CR3Ss No. 26","Buddha","Belum Menikah","Wakil Bupati","Inggris"
"2363844820967384","J4ck D4viS","Probolinggo","1997-03-08","Laki-Laki","O","Jl. J4ck D4viS No. 26","Protestan","Belum Menikah","Guru","Perancis"
"6630056023156643","J4M35 4LEss10","Pacitan","1970-04-12","Laki-Laki","B","Jl. J4M35 4LEss10 No. 73","Khonghucu","Belum Menikah","Gubernur","Inggris"
"1117216253799911","beTh F4rNAN","Depok","1967-05-08","Perempuan","O","Jl. beTh F4rNAN No. 36","Hindu","Menikah","Artis","Filipina"
"4249295226466495","d3bR4 WO0DR0w","Pontianak","1950-01-05","Perempuan","A","Jl. d3bR4 WO0DR0w No. 95","Hindu","Cerai","Anggota Kabinet / Kementerian","Malaysia"
"7125015665567090","3r1C L33","Jombang","1982-01-12","Perempuan","AB","Jl. 3r1C L33 No. 45","Khonghucu","Menikah","Perdagangan","Laos"
"2765537049363260","HaRoLD M1RanDa","Cirebon","1987-02-28","Perempuan","O","Jl. HaRoLD M1RanDa No. 5","Khonghucu","Cerai","Pensiunan","Malaysia"
"1127449151516703","Mr4n b1l4l","Surakarta","1950-06-20","Perempuan","AB","Jl. Mr4n b1l4l No. 24","Protestan","Cerai","Kepala Desa","Canada"
"7396549596537872","MrN CHv35","Ambon","1947-10-05","Laki-Laki","B","Jl. MrN CHv35 No. 90","Protestan","Belum Menikah","Juru Masak","Thailand"
"8375567584907812","J0d lWs","Sidoarjo","1968-09-23","Laki-Laki","O","Jl. J0d lWs No. 64","Katolik","Menikah","Industri","Indonesia"
"0672270729796904","MiChe4l g4RC1a","Purwokerto","1997-06-22","Laki-Laki","B","Jl. MiChe4l g4RC1a No. 5","Hindu","Menikah","Karyawan BUMN","Thailand"
"5052903685053060","5TPh3N C4sp4r1n","Mojokerto","1974-07-05","Perempuan","A","Jl. 5TPh3N C4sp4r1n No. 71","Buddha","Belum Menikah","Tabib","Singapura"
"7363727642398505","HLN sh4N","Palembang","1964-10-04","Laki-Laki","A","Jl. HLN sh4N No. 69","Buddha","Belum Menikah","Karyawan Honorer","Kamboja"
"5957629569576431","kYl3 W0JC14K","Batu","1964-08-05","Perempuan","O","Jl. kYl3 W0JC14K No. 7","Khonghucu","Belum Menikah","Anggota Lembaga Tinggi","Thailand"
"6882823323973809","K4REN gR3AnY","Bojonegoro","1967-08-28","Perempuan","AB","Jl. K4REN gR3AnY No. 76","Katolik","Belum Menikah","Penata Busana","Korea"
"0219004489752082","bR1tTNY PRs","Pati","1979-05-01","Perempuan","A","Jl. bR1tTNY PRs No. 38","Hindu","Belum Menikah","Wakil Presiden","Brunei"
"5171013598722843","eL1ZaBEtH br0wN","Cilacap","1970-04-17","Laki-Laki","AB","Jl. eL1ZaBEtH br0wN No. 73","Protestan","Menikah","Ustadz / Mubaligh","Amerika"
"5028639013494152","eMma LAUrid53n","Bekasi","1988-05-01","Laki-Laki","A","Jl. eMma LAUrid53n No. 75","Protestan","Cerai","Anggota DPRD Provinsi","Filipina"
"0881955886888698","4Vs V3CKr","Bangkalan","1995-02-13","Perempuan","A","Jl. 4Vs V3CKr No. 73","Protestan","Menikah","Industri","Laos"
"6727236698449088","4NN L3W1s","Sumenep","1975-08-23","Laki-Laki","B","Jl. 4NN L3W1s No. 5","Protestan","Menikah","Karyawan Swasta","Myanmar"
"3817568033405416","chR15T1NE 4dAiR","Gresik","1947-10-20","Laki-Laki","O","Jl. chR15T1NE 4dAiR No. 50","Protestan","Menikah","Wakil Presiden","Myanmar"
"1531899068595406","BL4nCHe lU5TEr","Surabaya","1970-10-22","Perempuan","AB","Jl. BL4nCHe lU5TEr No. 18","Katolik","Cerai","Anggota Lembaga Tinggi","Singapura"
"0645997848960388","d4N4 cSh","Batam","1958-07-18","Perempuan","B","Jl. d4N4 cSh No. 35","Katolik","Cerai","Karyawan BUMD","Filipina"
"3545570858701922","R0B3rt vOORHIES","Padang","1964-01-04","Perempuan","AB","Jl. R0B3rt vOORHIES No. 96","Islam","Belum Menikah","Manajer","Vietnam"
"0155607200027062","J3551E 4tKinSON","Jambi","1993-12-14","Perempuan","AB","Jl. J3551E 4tKinSON No. 1","Katolik","Menikah","Anggota DPD","Italia"
"1098298088201457","jon4TH4n fr03Dg3","Probolinggo","1974-05-19","Perempuan","O","Jl. jon4TH4n fr03Dg3 No. 2","Buddha","Cerai","Perdagangan","Canada"
"6695442779406885","ls4 GR4nT","Sidoarjo","1979-06-18","Laki-Laki","B","Jl. ls4 GR4nT No. 62","Khonghucu","Cerai","Pialang","Indonesia"
"9885378713003721","k1mB3RLy JN3s","Cirebon","2001-12-03","Perempuan","AB","Jl. k1mB3RLy JN3s No. 42","Buddha","Menikah","Pastur","Myanmar"
"0024429554821126","LChLL3 MdDLTN","Trenggalek","1993-12-20","Perempuan","AB","Jl. LChLL3 MdDLTN No. 66","Protestan","Cerai","Tabib","Perancis"
"7623607244990295","Km M4Nz4N0","Ambon","1949-03-06","Perempuan","A","Jl. Km M4Nz4N0 No. 21","Katolik","Cerai","Presiden","Italia"
"6381356951076093","m4Rg4ReT cl0niNG3R","Tegal","1966-11-10","Laki-Laki","AB","Jl. m4Rg4ReT cl0niNG3R No. 1","Hindu","Cerai","Paraji","Indonesia"
"1018378361818173","St3V lmK","Banyuwangi","1972-09-12","Laki-Laki","O","Jl. St3V lmK No. 54","Protestan","Cerai","Tukang Listrik","Vietnam"
"4819645534176315","v1ck BRYNt","Mataram","1986-12-07","Laki-Laki","B","Jl. v1ck BRYNt No. 80","Khonghucu","Belum Menikah","Tukang Cukur","Kamboja"
"1401150238120664","cnn13 B5H0p","Pontianak","2006-04-09","Laki-Laki","B","Jl. cnn13 B5H0p No. 24","Hindu","Cerai","Bupati","Singapura"
"9898558734524913","T1n knGHT","Tuban","1948-03-10","Perempuan","AB","Jl. T1n knGHT No. 99","Hindu","Belum Menikah","Wakil Gubernur","Laos"
"4942312623237506","r3Ne c0x","Lumajang","1978-09-09","Laki-Laki","B","Jl. r3Ne c0x No. 46","Katolik","Cerai","Perdagangan","Indonesia"
"2189463611801604","RebBECc4 CrOwn","Cirebon","1985-04-04","Perempuan","O","Jl. RebBECc4 CrOwn No. 39","Buddha","Belum Menikah","Pilot","Singapura"
"6132986280691277","r0y ct","Tegal","1979-09-23","Laki-Laki","A","Jl. r0y ct No. 89","Buddha","Cerai","Seniman","Italia"
"3597315974965300","k3nNTh kNght","Langsa","1979-04-10","Laki-Laki","O","Jl. k3nNTh kNght No. 42","Protestan","Belum Menikah","Paranormal","Singapura"
"7473566051231714","Ch4rl3S sTNly","Tegal","1967-01-11","Perempuan","B","Jl. Ch4rl3S sTNly No. 57","Buddha","Belum Menikah","Pendeta","Perancis"
"0772037928809319","Ellen L1ndsEY","Pamekasan","2000-07-28","Laki-Laki","B","Jl. Ellen L1ndsEY No. 88","Katolik","Belum Menikah","Belum / Tidak Bekerja","Malaysia"
"2108703180412650","tH0ms C4nTR3ll","Kupang","2000-09-11","Laki-Laki","O","Jl. tH0ms C4nTR3ll No. 93","Hindu","Cerai","Anggota Kabinet / Kementerian","Singapura"
"5040566528571643","PATR1CE SIcKleR","Salatiga","1974-04-19","Perempuan","B","Jl. PATR1CE SIcKleR No. 9","Hindu","Menikah","Pelajar / Mahasiswa","Indonesia"
"8600740196146036","m1k3 GY","Bondowoso","1973-12-03","Perempuan","B","Jl. m1k3 GY No. 49","Buddha","Menikah","Mengurus Rumah Tangga","Vietnam"
"9299591902311921","rick mccaRthy","Ponorogo","1990-05-01","Perempuan","B","Jl. rick mccaRthy No. 67","Buddha","Belum Menikah","Promotor Acara","Amerika"
"3137638079199883","vlM Thrtn","Boyolali","2005-12-15","Laki-Laki","A","Jl. vlM Thrtn No. 32","Khonghucu","Cerai","Penata Busana","Italia"
"6604490256392625","j0yc HGH35","Pangkal Pinang","2002-03-09","Perempuan","A","Jl. j0yc HGH35 No. 95","Islam","Belum Menikah","Anggota Kabinet / Kementerian","Indonesia"
"8926810729200708","j0YCe b3rL4Nd","Subulussalam","1974-04-27","Perempuan","A","Jl. j0YCe b3rL4Nd No. 91","Khonghucu","Menikah","Buruh Harian Lepas","Canada"
"1969365183924391","IsM4eL TracY","Sragen","1963-01-31","Perempuan","A","Jl. IsM4eL TracY No. 26","Khonghucu","Cerai","Tukang Cukur","Perancis"
"6200085006830056","JHn GrdN4","Wonogiri","1957-09-30","Perempuan","B","Jl. JHn GrdN4 No. 70","Katolik","Menikah","Asisten Ahli","Italia"
"2483130697638629","C4THY j0HN50N","Batam","2005-03-02","Laki-Laki","O","Jl. C4THY j0HN50N No. 76","Khonghucu","Cerai","Tukang Listrik","Myanmar"
"5570652003697586","nncy jhnsN","Trenggalek","1968-09-25","Perempuan","O","Jl. nncy jhnsN No. 51","Islam","Cerai","Belum / Tidak Bekerja","Laos"
"9998211503198067","WLL4m 54NDR5","Banda Aceh","1976-10-01","Laki-Laki","O","Jl. WLL4m 54NDR5 No. 81","Protestan","Belum Menikah","Wakil Walikota","Singapura"
"1798253555052699","tR35S4 K3NN3dy","Padang","1953-06-01","Laki-Laki","B","Jl. tR35S4 K3NN3dy No. 77","Katolik","Cerai","Peneliti","Kamboja"
"6077108295056363","5c4R r0lLn5","Magelang","1981-10-17","Perempuan","AB","Jl. 5c4R r0lLn5 No. 63","Khonghucu","Cerai","Psikiater / Psikolog","Singapura"
"6788440288717106","mAtTHew w1LLI4m5","Banyuwangi","1964-11-27","Laki-Laki","AB","Jl. mAtTHew w1LLI4m5 No. 98","Protestan","Menikah","Peneliti","Kamboja"
"2327633344632765","5AR4H B4NU3lO5","Kediri","1955-07-25","Perempuan","B","Jl. 5AR4H B4NU3lO5 No. 80","Hindu","Cerai","Juru Masak","Singapura"
"2231080875415487","mlDRD dCkSWRTh","Mojokerto","2004-02-11","Perempuan","AB","Jl. mlDRD dCkSWRTh No. 43","Buddha","Belum Menikah","Penerjemah","Filipina"
"2496855702791067","3Ugen3 mUllIN5","Purbalingga","1972-06-01","Perempuan","B","Jl. 3Ugen3 mUllIN5 No. 76","Katolik","Menikah","Tukang Jahit","Italia"
"5317235901727094","emMA 5I3m3nS","Bangkalan","2005-06-26","Perempuan","AB","Jl. emMA 5I3m3nS No. 33","Islam","Belum Menikah","Perancang Busana","Laos"
"1742298423557239","calv1n 3arl","Madiun","1968-02-13","Laki-Laki","B","Jl. calv1n 3arl No. 59","Katolik","Belum Menikah","Pelajar / Mahasiswa","Myanmar"
"8314410802486936","jhn db4d13","Lumajang","1994-06-03","Perempuan","O","Jl. jhn db4d13 No. 93","Protestan","Cerai","Seniman","Filipina"
"7348122174845589","v1Nc3nT c4RTr","Kediri","1997-11-30","Laki-Laki","A","Jl. v1Nc3nT c4RTr No. 2","Khonghucu","Menikah","Sopir","Perancis"
"6316678413121840","elI5a ROTH","Magelang","1953-09-12","Laki-Laki","O","Jl. elI5a ROTH No. 61","Katolik","Belum Menikah","Pengacara","Korea"
"8427735620805034","Timothy c0ron4d0","Madiun","1968-06-25","Laki-Laki","AB","Jl. Timothy c0ron4d0 No. 47","Buddha","Belum Menikah","Penyiar Radio","Kamboja"
"7051526135902525","Jam3s c4RteR","Cilegon","1992-02-01","Perempuan","B","Jl. Jam3s c4RteR No. 82","Hindu","Menikah","Belum / Tidak Bekerja","Korea"
"9730434676332914","rl j0hN5n","Situbondo","1962-03-05","Perempuan","A","Jl. rl j0hN5n No. 80","Protestan","Cerai","Operator","Malaysia"
"4504298028977845","GlENN ph1Ll1PS","Palembang","1960-06-20","Laki-Laki","B","Jl. GlENN ph1Ll1PS No. 8","Buddha","Menikah","Tukang Batu","Filipina"
"9837628309278481","Em1Ly HaYnE5","Blitar","1988-05-28","Perempuan","O","Jl. Em1Ly HaYnE5 No. 72","Hindu","Menikah","Dokter","Italia"
"6170126197448167","JErRy cumMing5","Lumajang","1951-04-15","Perempuan","AB","Jl. JErRy cumMing5 No. 14","Buddha","Menikah","Buruh Harian Lepas","Jepang"
"4137458496264286","V1cToR ky3R","Tuban","1966-12-21","Laki-Laki","B","Jl. V1cToR ky3R No. 77","Katolik","Belum Menikah","Pendeta","Laos"
"3735099501895215","m1ch43L 4L3X4NdR4","Madiun","1988-04-26","Laki-Laki","O","Jl. m1ch43L 4L3X4NdR4 No. 34","Hindu","Cerai","Peneliti","Amerika"
"2778796709752413","5YLV14 PhR55","Ngawi","1995-04-01","Laki-Laki","A","Jl. 5YLV14 PhR55 No. 61","Khonghucu","Menikah","Buruh Tani / Perkebunan","Italia"
"2461349558431405","JL J4Cbs","Tarakan","1980-07-12","Perempuan","A","Jl. JL J4Cbs No. 94","Buddha","Cerai","Wakil Presiden","Malaysia"
"7607960287962071","CL30 PrrY","Surakarta","1956-07-28","Laki-Laki","O","Jl. CL30 PrrY No. 87","Hindu","Menikah","Lainnya","Vietnam"
"3968268230001176","M4rK D1Xn","Surabaya","1999-10-13","Laki-Laki","A","Jl. M4rK D1Xn No. 34","Hindu","Menikah","Pendeta","Brunei"
"9212054907925658","d4VD 5N1p35","Sumenep","1961-04-02","Perempuan","AB","Jl. d4VD 5N1p35 No. 51","Islam","Cerai","Pilot","Indonesia"
"6197398163749464","ERiC lopeZ","Blitar","1988-06-13","Perempuan","AB","Jl. ERiC lopeZ No. 64","Buddha","Menikah","Tukang Kayu","Brunei"
"1033027931354008","M3rcD35 p3Ck","Madiun","1983-05-23","Laki-Laki","A","Jl. M3rcD35 p3Ck No. 38","Protestan","Menikah","Perdagangan","Jepang"
"0768951728684952","CsS4NdR W1lS0n","Subulussalam","2006-08-19","Laki-Laki","AB","Jl. CsS4NdR W1lS0n No. 41","Buddha","Belum Menikah","Biarawati","Amerika"
"4162260697138423","B1lLY WLl14m5","Banda Aceh","1996-04-20","Perempuan","O","Jl. B1lLY WLl14m5 No. 97","Protestan","Cerai","Asisten Ahli","Korea"
"1399148745644821","chr5T14n n1Sbt","Bekasi","2005-11-03","Laki-Laki","O","Jl. chr5T14n n1Sbt No. 96","Buddha","Cerai","Pastur","Perancis"
"5689263196655454","DoNn4 l0y","Batu","1964-07-31","Perempuan","B","Jl. DoNn4 l0y No. 35","Islam","Belum Menikah","Anggota DPD","Thailand"
"9432802624658707","4my VaLerI0","Kediri","1965-05-02","Perempuan","A","Jl. 4my VaLerI0 No. 9","Khonghucu","Menikah","Biarawati","Jepang"
"6631688393112263","LorRA1N3 5tan1Sl4wsk1","Jakarta","1980-10-12","Perempuan","O","Jl. LorRA1N3 5tan1Sl4wsk1 No. 5","Buddha","Cerai","Psikiater / Psikolog","Italia"
"0552715213907578","M4tTh3W Bchr","Denpasar","1969-10-03","Laki-Laki","O","Jl. M4tTh3W Bchr No. 31","Khonghucu","Belum Menikah","Tenaga Tata Usaha","Canada"
"9112241780861662","Dian3 sh4nn0n","Padang","1998-03-31","Perempuan","AB","Jl. Dian3 sh4nn0n No. 1","Katolik","Belum Menikah","Buruh Harian Lepas","Inggris"
"4546727084206407","bARB4Ra fULk","Blitar","1963-05-31","Laki-Laki","O","Jl. bARB4Ra fULk No. 30","Islam","Cerai","Anggota BPK","Malaysia"
"6302886049616602","guiLlERM0 fAIN","Sampang","1975-07-21","Laki-Laki","O","Jl. guiLlERM0 fAIN No. 38","Islam","Menikah","Kepala Desa","Indonesia"
"4707974132932342","D0L0rES giRDl3Y","Binjai","1975-08-20","Perempuan","B","Jl. D0L0rES giRDl3Y No. 55","Buddha","Cerai","Penerjemah","Singapura"
"3312090331737317","TR15taN B0hN","Klaten","1997-08-14","Perempuan","AB","Jl. TR15taN B0hN No. 29","Buddha","Belum Menikah","Chef","Laos"
"9247362746117517","dvD cHV3Z","Palu","1983-10-06","Laki-Laki","B","Jl. dvD cHV3Z No. 69","Katolik","Menikah","Atlit","Filipina"
"2217901828866330","mARi4 Bl4iR","Madiun","1951-04-06","Laki-Laki","A","Jl. mARi4 Bl4iR No. 78","Protestan","Cerai","Penata Rias","Myanmar"
"8848598022957357","brN VLlRR3l","Pekanbaru","1973-12-26","Laki-Laki","B","Jl. brN VLlRR3l No. 37","Islam","Belum Menikah","Paranormal","Perancis"
"8750331396018973","4M4nd4 R1GgNs","Tegal","2003-12-25","Laki-Laki","A","Jl. 4M4nd4 R1GgNs No. 50","Hindu","Menikah","Seniman","Singapura"
"7056908488640601","r0gr MrkS","Balikpapan","1951-07-14","Perempuan","O","Jl. r0gr MrkS No. 95","Protestan","Belum Menikah","Arsitek","Brunei"
"3698077942009032","JnC dY3","Sumenep","2003-05-05","Laki-Laki","A","Jl. JnC dY3 No. 42","Khonghucu","Cerai","Tukang Sol Sepatu","Korea"
"0660614047269087","d3b0r4H OcOnn0r","Bandar Lampung","1995-07-09","Perempuan","O","Jl. d3b0r4H OcOnn0r No. 84","Khonghucu","Belum Menikah","Perawat","Laos"
"7018499927146588","vincEnt j0hns0n","Sampang","1953-04-06","Perempuan","A","Jl. vincEnt j0hns0n No. 41","Hindu","Belum Menikah","Perdagangan","Vietnam"
"9466830902949519","c0nn1E SMiTh","Sampang","1956-04-15","Laki-Laki","O","Jl. c0nn1E SMiTh No. 65","Buddha","Belum Menikah","Tukang Listrik","Perancis"
"1746746886261972","dEb0R4h JoHn5Ton","Sabang","1999-03-26","Perempuan","O","Jl. dEb0R4h JoHn5Ton No. 31","Khonghucu","Cerai","Bupati","Italia"
"7707009111702797","lINdA m0Or3","Trenggalek","1963-06-06","Perempuan","B","Jl. lINdA m0Or3 No. 33","Katolik","Menikah","Karyawan Honorer","Indonesia"
"2481330013945347","Ca5ey fr1EdMAn","Lumajang","1964-08-06","Laki-Laki","A","Jl. Ca5ey fr1EdMAn No. 14","Protestan","Menikah","Kepolisian RI","Korea"
"7660332630007337","D4n4 MoRTon","Ponorogo","1949-01-23","Laki-Laki","O","Jl. D4n4 MoRTon No. 70","Islam","Belum Menikah","Wakil Presiden","Indonesia"
"3411405010635157","Dmn DnLp","Lamongan","1977-03-03","Perempuan","O","Jl. Dmn DnLp No. 2","Islam","Belum Menikah","Ustadz / Mubaligh","Singapura"
"7368666531354702","raY jUDd","Cirebon","1991-12-20","Laki-Laki","A","Jl. raY jUDd No. 89","Buddha","Cerai","Pialang","Inggris"
"2099127422590101","hd1 gr4Y","Sabang","2003-01-06","Perempuan","O","Jl. hd1 gr4Y No. 94","Buddha","Menikah","Paranormal","Perancis"
"0418218888101635","cHARl3S 4lVar3Z","Mataram","1985-08-27","Laki-Laki","A","Jl. cHARl3S 4lVar3Z No. 87","Protestan","Cerai","Ustadz / Mubaligh","Indonesia"
"5391462969619031","m4RY Y0Ung","Medan","1947-10-11","Perempuan","AB","Jl. m4RY Y0Ung No. 7","Katolik","Cerai","Walikota","Amerika"
"4272382792234258","eD1Th K3TchUM","Cilegon","1952-12-02","Laki-Laki","O","Jl. eD1Th K3TchUM No. 87","Khonghucu","Cerai","Dosen","Filipina"
"3144125358653340","DN4 chr1sT0PH3R","Cilacap","2001-04-21","Laki-Laki","A","Jl. DN4 chr1sT0PH3R No. 45","Protestan","Cerai","Tabib","Filipina"
"8674663560034403","chrsT0Phr HN3Y","Sukabumi","1991-02-01","Laki-Laki","B","Jl. chrsT0Phr HN3Y No. 98","Buddha","Belum Menikah","Asisten Ahli","Brunei"
"4807339797295152","JOSEPh hop3","Probolinggo","1970-09-06","Perempuan","AB","Jl. JOSEPh hop3 No. 41","Buddha","Cerai","Lainnya","Thailand"
"3338210987987179","j4nn mLDN4D0","Kediri","2000-01-21","Perempuan","A","Jl. j4nn mLDN4D0 No. 98","Katolik","Cerai","Belum / Tidak Bekerja","Indonesia"
"2939474032560414","ls4 BCk","Samarinda","1961-12-06","Perempuan","A","Jl. ls4 BCk No. 6","Protestan","Menikah","Anggota Mahkamah Konstitusi","Vietnam"
"2920619610485130","Kyl Br0wN","Situbondo","1995-05-09","Laki-Laki","B","Jl. Kyl Br0wN No. 56","Protestan","Menikah","Sopir","Myanmar"
"8338380586659660","SH3rR bYC","Situbondo","1956-09-16","Perempuan","B","Jl. SH3rR bYC No. 39","Protestan","Menikah","Belum / Tidak Bekerja","Indonesia"
"4022682710493653","K3VIn me3l3r","Jember","1969-02-26","Perempuan","O","Jl. K3VIn me3l3r No. 44","Islam","Cerai","Anggota DPR-RI","Amerika"
"3294097462870355","d hrnDN","Kediri","1993-10-20","Perempuan","A","Jl. d hrnDN No. 57","Katolik","Menikah","Asisten Ahli","Filipina"
"2796015577960753","VivIan vICKers","Blitar","1995-06-24","Laki-Laki","AB","Jl. VivIan vICKers No. 30","Katolik","Belum Menikah","Bupati","Singapura"
"9140224665805102","thoM45 ruFf","Probolinggo","1984-04-30","Laki-Laki","B","Jl. thoM45 ruFf No. 78","Islam","Menikah","Juru Masak","Thailand"
"2936254347356458","K31Th R3BCK","Magetan","1981-07-17","Perempuan","A","Jl. K31Th R3BCK No. 29","Islam","Cerai","Manajer","Laos"
"4252891526770339","3RN Hr5HMN","Sidoarjo","1960-12-24","Laki-Laki","A","Jl. 3RN Hr5HMN No. 7","Protestan","Belum Menikah","Tukang Las / Pandai Besi","Canada"
"0516338996903831","benny f0rD","Kediri","1999-11-17","Laki-Laki","O","Jl. benny f0rD No. 32","Hindu","Menikah","Anggota DPD","Thailand"
"2775738997675643","j0hN tH34Ll","Trenggalek","1968-12-16","Laki-Laki","A","Jl. j0hN tH34Ll No. 62","Buddha","Belum Menikah","Peternak","Amerika"
"6626611072375512","jhN Slt","Salatiga","1951-06-10","Laki-Laki","O","Jl. jhN Slt No. 4","Islam","Cerai","Bidan","Vietnam"
"2291429791732091","F0RR3St Floyd","Pamekasan","1973-12-12","Perempuan","B","Jl. F0RR3St Floyd No. 100","Buddha","Belum Menikah","Kepala Desa","Brunei"
"7893594023744869","5T3V3 DR4P3r","Pangkal Pinang","1962-03-18","Perempuan","B","Jl. 5T3V3 DR4P3r No. 94","Hindu","Belum Menikah","Pegawai Negeri Sipil","Jepang"
"4390928875985770","T4Sh4 J0HNS0n","Situbondo","1971-11-11","Laki-Laki","B","Jl. T4Sh4 J0HNS0n No. 93","Buddha","Menikah","Gubernur","Canada"
"0737476457908912","brTT4 l1V1NGsTN","Gresik","1998-01-14","Laki-Laki","A","Jl. brTT4 l1V1NGsTN No. 89","Protestan","Cerai","Buruh Tani / Perkebunan","Italia"
"4734917672188127","m4RY l0CKhrT","Sidoarjo","1961-02-17","Perempuan","AB","Jl. m4RY l0CKhrT No. 23","Katolik","Cerai","Buruh Tani / Perkebunan","Laos"
"8165493591482100","DL3 cL4Rk","Gresik","2001-09-20","Laki-Laki","A","Jl. DL3 cL4Rk No. 26","Khonghucu","Cerai","Karyawan Swasta","Perancis"
"1207945325637630","mTtHw Hnt0n","Bondowoso","2005-10-03","Perempuan","B","Jl. mTtHw Hnt0n No. 41","Buddha","Cerai","Transportasi","Filipina"
"6206663849423086","l3 BrbR","Ambon","1957-11-22","Perempuan","O","Jl. l3 BrbR No. 10","Islam","Cerai","Paranormal","Filipina"
"1044113621631167","5t3pHN1 p3tRs3N","Padang","1999-10-04","Laki-Laki","AB","Jl. 5t3pHN1 p3tRs3N No. 72","Hindu","Cerai","Peneliti","Brunei"
"6298987539525773","j4m3S JNN1NG5","Langsa","1953-11-05","Laki-Laki","AB","Jl. j4m3S JNN1NG5 No. 26","Katolik","Menikah","Seniman","Amerika"
"2625518689332344","3M1Ly PrSN5","Surabaya","1993-12-21","Perempuan","B","Jl. 3M1Ly PrSN5 No. 71","Islam","Belum Menikah","Peneliti","Indonesia"
"9615430229880798","5T4cy P4RkS","Tulungagung","1949-04-07","Laki-Laki","B","Jl. 5T4cy P4RkS No. 38","Islam","Menikah","Bupati","Korea"
"1565535254580678","sH1l V1VS","Nganjuk","1950-11-06","Perempuan","A","Jl. sH1l V1VS No. 100","Protestan","Belum Menikah","Industri","Jepang"
"0886110993218319","fR4Nc35 MhTn1","Jayapura","1972-07-17","Perempuan","O","Jl. fR4Nc35 MhTn1 No. 58","Islam","Belum Menikah","Ustadz / Mubaligh","Italia"
"9028769339655385","m1Ch4L 5H3rRy","Tuban","1980-09-26","Laki-Laki","O","Jl. m1Ch4L 5H3rRy No. 43","Katolik","Belum Menikah","Anggota BPK","Indonesia"
"7714761573931826","trry tCy","Ngawi","1967-09-21","Perempuan","AB","Jl. trry tCy No. 31","Hindu","Menikah","Karyawan BUMN","Inggris"
"7300576431771806","j05Hu4 Ch4Vez","Padang","1979-10-28","Perempuan","AB","Jl. j05Hu4 Ch4Vez No. 8","Hindu","Belum Menikah","Karyawan BUMN","Kamboja"
"4607859802247669","rOSe le3","Palu","1951-01-23","Laki-Laki","B","Jl. rOSe le3 No. 26","Khonghucu","Menikah","Pegawai Negeri Sipil","Korea"
"2049895595675455","WaltEr Z1mMERM4N","Brebes","1989-09-13","Perempuan","B","Jl. WaltEr Z1mMERM4N No. 53","Hindu","Menikah","Pialang","Thailand"
"6722796690177524","Pt3r Wyl13","Banyuwangi","1953-04-16","Laki-Laki","A","Jl. Pt3r Wyl13 No. 36","Buddha","Belum Menikah","Promotor Acara","Singapura"
"1753379497732748","J3nNIFEr h0UGH","Pamekasan","1989-12-09","Laki-Laki","AB","Jl. J3nNIFEr h0UGH No. 18","Protestan","Menikah","Pegawai Negeri Sipil","Italia"
"0041960310581190","5ylV14 MNdZ4","Tulungagung","1957-06-25","Perempuan","A","Jl. 5ylV14 MNdZ4 No. 19","Islam","Menikah","Anggota DPD","Singapura"
"6168435441251581","4LBeRt1Ne HAmBright","Tuban","1992-09-25","Perempuan","O","Jl. 4LBeRt1Ne HAmBright No. 92","Islam","Belum Menikah","Buruh Nelayan / Perikanan","Amerika"
"5819501893475095","JHN mcG1r","Padang","1947-08-31","Laki-Laki","AB","Jl. JHN mcG1r No. 98","Protestan","Menikah","Pastur","Indonesia"
"8429782554271828","f4B0L H0cKN5","Lumajang","1965-10-22","Perempuan","O","Jl. f4B0L H0cKN5 No. 98","Protestan","Cerai","Nelayan / Perikanan","Inggris"
"9670917500354754","laRRY GUzm4N","Bekasi","2003-02-08","Laki-Laki","B","Jl. laRRY GUzm4N No. 12","Buddha","Cerai","Pilot","Vietnam"
"3968126945923487","m1chelle pR1TTS","Mojokerto","2002-09-05","Laki-Laki","B","Jl. m1chelle pR1TTS No. 61","Islam","Menikah","Buruh Nelayan / Perikanan","Canada"
"3297177804067893","3v3lyn MR3Nc","Kediri","1995-03-28","Perempuan","A","Jl. 3v3lyn MR3Nc No. 10","Protestan","Belum Menikah","Buruh Nelayan / Perikanan","Korea"
"6791564964161156","N1t g4Rv3y","Sidoarjo","2002-06-02","Perempuan","AB","Jl. N1t g4Rv3y No. 17","Islam","Belum Menikah","Tentara Nasional Indonesia","Inggris"
"1369015217637669","maRy cHAv3Z","Pati","1955-02-19","Perempuan","O","Jl. maRy cHAv3Z No. 39","Hindu","Menikah","Artis","Italia"
"1406157976173252","54r4H SlT","Kediri","1962-09-11","Laki-Laki","O","Jl. 54r4H SlT No. 54","Hindu","Menikah","Pensiunan","Malaysia"
"4267357210821775","4L1c3 MYErs","Cirebon","1964-01-11","Perempuan","A","Jl. 4L1c3 MYErs No. 77","Protestan","Menikah","Manajer","Korea"
"2183038242370468","w1Ll1M b0RdlN","Trenggalek","1994-06-27","Laki-Laki","AB","Jl. w1Ll1M b0RdlN No. 22","Khonghucu","Cerai","Penata Busana","Vietnam"
"8323378776250104","m4GD4l3na GR3en","Mojokerto","1969-02-26","Perempuan","B","Jl. m4GD4l3na GR3en No. 93","Protestan","Cerai","Wakil Presiden","Vietnam"
"7559048099256656","D3l0RE5 3v4N5","Bogor","1983-10-22","Perempuan","B","Jl. D3l0RE5 3v4N5 No. 6","Hindu","Belum Menikah","Atlit","Italia"
"7092584466906882","d4V rnK3M3yR","Blitar","1956-12-03","Perempuan","A","Jl. d4V rnK3M3yR No. 95","Protestan","Cerai","Pelajar / Mahasiswa","Indonesia"
"8385565665390711","Eb0Ny SAL45","Surakarta","2000-10-28","Perempuan","O","Jl. Eb0Ny SAL45 No. 57","Hindu","Belum Menikah","Pelajar / Mahasiswa","Filipina"
"4036388308017771","h0rC3 04ks","Bojonegoro","1972-02-05","Perempuan","O","Jl. h0rC3 04ks No. 58","Khonghucu","Cerai","Tukang Listrik","Laos"
"1990064875121780","JDTH M4rTnz","Magelang","1947-10-29","Perempuan","A","Jl. JDTH M4rTnz No. 74","Katolik","Cerai","Ustadz / Mubaligh","Perancis"
"2697568465977827","CaR0LyN tRUdN0WSKi","Situbondo","1974-09-30","Perempuan","AB","Jl. CaR0LyN tRUdN0WSKi No. 73","Katolik","Belum Menikah","Mekanik","Amerika"
"9708884819620290","S4NDRA wITherS","Sampang","1948-06-21","Perempuan","A","Jl. S4NDRA wITherS No. 34","Khonghucu","Belum Menikah","Tukang Cukur","Perancis"
"2412522418621686","M4R4 mLLn5","Lamongan","1999-03-12","Perempuan","O","Jl. M4R4 mLLn5 No. 90","Khonghucu","Menikah","Notaris","Myanmar"
"4232333280258324","3rIc cR00k","Banyuwangi","1968-10-18","Laki-Laki","O","Jl. 3rIc cR00k No. 28","Khonghucu","Cerai","Manajer","Singapura"
"5453656532651232","Gl0r KLly","Pangkal Pinang","1961-09-22","Laki-Laki","B","Jl. Gl0r KLly No. 84","Katolik","Menikah","Anggota BPK","Kamboja"
"5308614336295477","barbaR4 P4YNE","Kediri","1963-02-27","Perempuan","B","Jl. barbaR4 P4YNE No. 64","Khonghucu","Menikah","Notaris","Italia"
"0052338899197181","KaTh3 d3LE0n","Kediri","1954-01-29","Perempuan","A","Jl. KaTh3 d3LE0n No. 11","Buddha","Cerai","Pendeta","Singapura"
"4659239052679321","d0NAlD 4Y4L4","Pasuruan","1983-10-30","Perempuan","A","Jl. d0NAlD 4Y4L4 No. 7","Khonghucu","Belum Menikah","Pilot","Kamboja"
"2318100781635719","NATh4n13L cOnsTAnZ4","Magetan","1996-06-28","Laki-Laki","AB","Jl. NATh4n13L cOnsTAnZ4 No. 94","Katolik","Belum Menikah","Penata Rambut","Malaysia"
"6697537578475848","vCNT klN3","Tanjungpinang","1990-04-29","Perempuan","B","Jl. vCNT klN3 No. 19","Katolik","Menikah","Sopir","Perancis"
"4836374570514453","OdI5 r0M3rO","Sumenep","1969-09-28","Laki-Laki","B","Jl. OdI5 r0M3rO No. 57","Islam","Cerai","Penyiar Radio","Inggris"
"4798868998968088","CL lb4N0","Madiun","1982-04-10","Perempuan","O","Jl. CL lb4N0 No. 38","Protestan","Menikah","Promotor Acara","Thailand"
"8361650557885142","bR1DGT c0pR","Situbondo","1964-08-24","Perempuan","AB","Jl. bR1DGT c0pR No. 7","Katolik","Menikah","Penerjemah","Perancis"
"4913430615097514","b3TTY ChR5Tn","Pacitan","1998-12-08","Laki-Laki","AB","Jl. b3TTY ChR5Tn No. 40","Protestan","Belum Menikah","Biarawati","Korea"
"4040410727835889","n1L mCk4N3","Malang","1970-05-14","Laki-Laki","AB","Jl. n1L mCk4N3 No. 13","Hindu","Belum Menikah","Paranormal","Malaysia"
"3859731760069349","TERRY C0r4ThErs","Balikpapan","1962-04-13","Perempuan","O","Jl. TERRY C0r4ThErs No. 45","Hindu","Menikah","Karyawan Swasta","Vietnam"
"5867849071766806","4mbEr B3nS0n","Kediri","1982-08-17","Perempuan","B","Jl. 4mbEr B3nS0n No. 68","Katolik","Menikah","Bupati","Amerika"
"0935330143455636","RBcc4 L","Pati","1976-09-18","Laki-Laki","A","Jl. RBcc4 L No. 96","Khonghucu","Menikah","Guru","Amerika"
"2010321328457842","CrlTn MRT1N","Surabaya","1968-12-16","Laki-Laki","B","Jl. CrlTn MRT1N No. 29","Hindu","Belum Menikah","Wakil Presiden","Filipina"
"7607024043566222","liS4 G0Nz4leZ","Klaten","1998-05-16","Perempuan","O","Jl. liS4 G0Nz4leZ No. 23","Katolik","Belum Menikah","Pastur","Inggris"
"3581235401391902","4Nn 5chW4rTz","Pangkal Pinang","1989-07-13","Laki-Laki","A","Jl. 4Nn 5chW4rTz No. 40","Khonghucu","Belum Menikah","Kepolisian RI","Thailand"
"8487974232641464","cAroL1n3 lev1nE","Banjarnegara","2007-04-23","Laki-Laki","A","Jl. cAroL1n3 lev1nE No. 85","Katolik","Menikah","Tukang Las / Pandai Besi","Amerika"
"0507928876364408","Krr13 McN4M4R","Jember","1956-07-20","Perempuan","AB","Jl. Krr13 McN4M4R No. 54","Khonghucu","Belum Menikah","Tentara Nasional Indonesia","Brunei"
"8328173495520653","gRadY mcd0Nald","Kudus","1986-02-17","Laki-Laki","AB","Jl. gRadY mcd0Nald No. 45","Katolik","Menikah","Peneliti","Perancis"
"3763519700907379","bRuC3 younG","Malang","2006-10-21","Perempuan","O","Jl. bRuC3 younG No. 13","Buddha","Cerai","Pendeta","Italia"
"3282996959449508","3L1z4B3TH CHSTR","Tasikmalaya","1997-12-25","Laki-Laki","B","Jl. 3L1z4B3TH CHSTR No. 55","Katolik","Menikah","Biarawati","Jepang"
"5595472025619063","d0ugl45 5HOrTEr","Trenggalek","1970-06-10","Perempuan","O","Jl. d0ugl45 5HOrTEr No. 23","Katolik","Belum Menikah","Buruh Harian Lepas","Thailand"
"9928740919314081","P4Bl0 M4NN3y","Madiun","1991-07-04","Perempuan","AB","Jl. P4Bl0 M4NN3y No. 19","Buddha","Cerai","Atlit","Vietnam"
"3169560575060455","ch4Rl3s C0FFMN","Pamekasan","2005-04-06","Laki-Laki","AB","Jl. ch4Rl3s C0FFMN No. 100","Buddha","Belum Menikah","Pembantu Rumah Tangga","Brunei"
"5674268257046371","4rln R0mr","Pontianak","1979-10-03","Perempuan","O","Jl. 4rln R0mr No. 92","Protestan","Cerai","Tukang Sol Sepatu","Filipina"
"5144702121768125","J3sS1C4 prz","Tasikmalaya","1997-07-18","Perempuan","O","Jl. J3sS1C4 prz No. 20","Hindu","Cerai","Tenaga Tata Usaha","Kamboja"
"9151673716632675","MR1 SchlNK3r","Cirebon","1979-09-19","Laki-Laki","A","Jl. MR1 SchlNK3r No. 60","Katolik","Cerai","Tenaga Tata Usaha","Filipina"
"4691202232464704","jnn1F3r R1z","Pamekasan","1974-05-12","Laki-Laki","B","Jl. jnn1F3r R1z No. 84","Islam","Cerai","Pembantu Rumah Tangga","Kamboja"
"0765200957150169","will1Am ch4PM4N","Kediri","1992-05-11","Laki-Laki","AB","Jl. will1Am ch4PM4N No. 83","Protestan","Belum Menikah","Anggota Mahkamah Konstitusi","Filipina"
"6293360879421911","b4Rbr D4T35","Kupang","2007-01-12","Perempuan","B","Jl. b4Rbr D4T35 No. 39","Islam","Belum Menikah","Pastur","Vietnam"
"2101187033956012","KmB3rly fRnSS","Lamongan","1988-07-07","Laki-Laki","O","Jl. KmB3rly fRnSS No. 24","Protestan","Belum Menikah","Chef","Amerika"
"5236303391837693","ru5SelL duNAWAY","Surakarta","2004-07-30","Laki-Laki","B","Jl. ru5SelL duNAWAY No. 89","Islam","Cerai","Penata Busana","Canada"
"6016804618579231","r54L 5t4nD3n","Mojokerto","2003-04-05","Perempuan","AB","Jl. r54L 5t4nD3n No. 99","Protestan","Cerai","Anggota DPRD Provinsi","Malaysia"
"7741223949578428","jM3S B44dSgrD","Kediri","1954-03-22","Perempuan","A","Jl. jM3S B44dSgrD No. 92","Buddha","Belum Menikah","Anggota Lembaga Tinggi","Amerika"
"9537450358931003","BRBr f0rD","Malang","1970-05-02","Perempuan","O","Jl. BRBr f0rD No. 92","Buddha","Menikah","Karyawan Swasta","Inggris"
"4695027042096052","dbrh Hnd","Tuban","1947-10-08","Laki-Laki","AB","Jl. dbrh Hnd No. 67","Khonghucu","Cerai","Anggota DPR-RI","Thailand"
"7200651738416532","5m4nTh4 v3ll3KMP","Pacitan","1990-11-11","Perempuan","AB","Jl. 5m4nTh4 v3ll3KMP No. 95","Hindu","Belum Menikah","Anggota DPRD Provinsi","Vietnam"
"8098970882626998","V1lT f4LK","Situbondo","1998-09-30","Laki-Laki","AB","Jl. V1lT f4LK No. 24","Islam","Cerai","Pekerja Pengolahan","Inggris"
"0476790799407484","mRK sv4G","Brebes","1992-02-13","Perempuan","AB","Jl. mRK sv4G No. 60","Khonghucu","Menikah","Biarawati","Italia"
"3858620477936651","R4y fRrLL","Subulussalam","2003-12-04","Perempuan","A","Jl. R4y fRrLL No. 64","Katolik","Belum Menikah","Wakil Walikota","Brunei"
"0538066216229424","st3Ph4n13 CLLn5","Sragen","1962-12-22","Laki-Laki","A","Jl. st3Ph4n13 CLLn5 No. 40","Islam","Cerai","Pendeta","Brunei"
"9773448320327501","J1mmY h5tN","Ngawi","1953-12-24","Perempuan","A","Jl. J1mmY h5tN No. 63","Katolik","Cerai","Pensiunan","Jepang"
"3415341044984072","M1cH4L GRNt","Bogor","1992-11-04","Perempuan","AB","Jl. M1cH4L GRNt No. 94","Buddha","Menikah","Wakil Presiden","Italia"
"5974281215128853","JA50n jETt","Pekanbaru","1989-02-21","Laki-Laki","AB","Jl. JA50n jETt No. 68","Protestan","Menikah","Tentara Nasional Indonesia","Laos"
"4070257748818791","aNGeL4 K1M","Cirebon","1990-08-25","Perempuan","AB","Jl. aNGeL4 K1M No. 98","Khonghucu","Belum Menikah","Anggota BPK","Inggris"
"2794568196356778","D3bR4h v3n5","Ponorogo","1972-11-17","Laki-Laki","AB","Jl. D3bR4h v3n5 No. 2","Hindu","Belum Menikah","Arsitek","Thailand"
"2548554491344761","EUg3nE p4UL","Jakarta","1995-09-15","Laki-Laki","B","Jl. EUg3nE p4UL No. 95","Hindu","Cerai","Karyawan Honorer","Inggris"
"9069859011259141","mCh4l HrR5","Nganjuk","1958-01-11","Perempuan","A","Jl. mCh4l HrR5 No. 11","Katolik","Menikah","Wiraswasta","Kamboja"
"0935271553546396","fRAnci5 R0bIN5on","Gresik","1981-03-01","Perempuan","O","Jl. fRAnci5 R0bIN5on No. 83","Protestan","Menikah","Psikiater / Psikolog","Jepang"
"0105950888104277","tROY sAnCHez","Kudus","1952-11-17","Laki-Laki","O","Jl. tROY sAnCHez No. 9","Islam","Menikah","Tenaga Tata Usaha","Malaysia"
"2066421698251729","lYNn3 cr15SOn","Samarinda","1974-08-18","Laki-Laki","O","Jl. lYNn3 cr15SOn No. 71","Hindu","Menikah","Pelaut","Thailand"
"8697376260085827","riCh4rd V4uGHn","Magetan","1995-10-25","Laki-Laki","A","Jl. riCh4rd V4uGHn No. 68","Katolik","Menikah","Anggota DPRD Provinsi","Jepang"
"0814723231538873","d0n4LD 0lDnG","Medan","2001-02-23","Laki-Laki","A","Jl. d0n4LD 0lDnG No. 64","Protestan","Belum Menikah","Wakil Presiden","Korea"
"4770220816829846","Mtthw prs0N","Bangkalan","1974-08-30","Laki-Laki","O","Jl. Mtthw prs0N No. 49","Protestan","Menikah","Transportasi","Filipina"
"1751058834911997","j0E H4LL","Ponorogo","1961-01-20","Laki-Laki","O","Jl. j0E H4LL No. 47","Buddha","Belum Menikah","Peneliti","Korea"
"1199296738174441","roN PoOLe","Jombang","1948-02-29","Perempuan","AB","Jl. roN PoOLe No. 17","Hindu","Belum Menikah","Biarawati","Singapura"
"9926739808131032","NIC0le Wh3elER","Sumenep","1995-09-01","Laki-Laki","A","Jl. NIC0le Wh3elER No. 47","Protestan","Cerai","Teknisi","Laos"
"0001060373364712","s0NDr4 d0RN","Tuban","1952-08-29","Laki-Laki","A","Jl. s0NDr4 d0RN No. 71","Khonghucu","Menikah","Psikiater / Psikolog","Singapura"
"7622996862771395","Dv1d bTl3R","Batam","1959-03-10","Perempuan","AB","Jl. Dv1d bTl3R No. 27","Islam","Menikah","Anggota Mahkamah Konstitusi","Thailand"
"9606078374368564","ry SNCH3z","Pamekasan","1990-08-11","Laki-Laki","AB","Jl. ry SNCH3z No. 10","Buddha","Belum Menikah","Paraji","Singapura"
"7741165737256644","4LM 3HrHrDT","Mataram","2000-02-11","Laki-Laki","B","Jl. 4LM 3HrHrDT No. 79","Hindu","Menikah","Buruh Harian Lepas","Malaysia"
"1054680158591542","r0berT NiChOLSON","Jember","2000-11-07","Laki-Laki","B","Jl. r0berT NiChOLSON No. 32","Protestan","Menikah","Perangkat Desa","Inggris"
"4210687519876945","jILl BOrdER","Banyuwangi","1956-09-01","Perempuan","A","Jl. jILl BOrdER No. 50","Islam","Menikah","Notaris","Canada"
"2733939386639570","jn MRgn","Tangerang","1948-10-11","Laki-Laki","AB","Jl. jn MRgn No. 58","Protestan","Belum Menikah","Ustadz / Mubaligh","Perancis"
"0762618861926605","DaM0N dON4huE","Kediri","1987-08-23","Perempuan","AB","Jl. DaM0N dON4huE No. 56","Khonghucu","Cerai","Belum / Tidak Bekerja","Amerika"
"3948927719598569","H3tHr g0dfR3Y","Denpasar","1989-07-04","Laki-Laki","O","Jl. H3tHr g0dfR3Y No. 80","Khonghucu","Cerai","Duta Besar","Korea"
"1575360787568727","daWN MURpHY","Tangerang","1977-01-19","Perempuan","O","Jl. daWN MURpHY No. 77","Katolik","Belum Menikah","Karyawan Swasta","Perancis"
"7691077961101829","Matth3W ST3PHeN5","Bangkalan","2005-10-17","Perempuan","B","Jl. Matth3W ST3PHeN5 No. 87","Katolik","Menikah","Konsultan","Kamboja"
"8388859487400890","s4m cL3moNS","Gresik","1995-06-09","Laki-Laki","O","Jl. s4m cL3moNS No. 53","Islam","Menikah","Penata Rambut","Italia"
"9949813630818090","JohN R0BeR5oN","Manado","1989-07-24","Perempuan","AB","Jl. JohN R0BeR5oN No. 69","Protestan","Belum Menikah","Tukang Sol Sepatu","Vietnam"
"4389687219110836","J0hN M4RtiN","Padang","1980-07-24","Laki-Laki","AB","Jl. J0hN M4RtiN No. 67","Katolik","Belum Menikah","Pegawai Negeri Sipil","Kamboja"
"8407213664344316","K4Thy 5MtH","Bogor","1988-03-13","Laki-Laki","A","Jl. K4Thy 5MtH No. 56","Khonghucu","Cerai","Penyiar Radio","Indonesia"
"6312071763035298","4Nt0iN3 hugh3S","Nganjuk","1970-01-02","Perempuan","B","Jl. 4Nt0iN3 hugh3S No. 35","Khonghucu","Belum Menikah","Karyawan Swasta","Italia"
"2562512482270031","dn13L JN53n","Jakarta","1956-07-31","Laki-Laki","O","Jl. dn13L JN53n No. 46","Buddha","Belum Menikah","Tukang Cukur","Indonesia"
"4071093793384786","RCkY pdlL4","Balikpapan","1959-04-02","Laki-Laki","B","Jl. RCkY pdlL4 No. 18","Islam","Cerai","Presiden","Brunei"
"7193660044284088","L54 3rVN","Tulungagung","1950-04-03","Laki-Laki","B","Jl. L54 3rVN No. 4","Hindu","Menikah","Mekanik","Brunei"
"7886249922256585","nR sNGl3t0n","Banyuwangi","1991-09-20","Laki-Laki","B","Jl. nR sNGl3t0n No. 52","Buddha","Cerai","Bupati","Singapura"
"1825396572322612","J0E h4yNE","Ambon","1972-08-09","Laki-Laki","A","Jl. J0E h4yNE No. 42","Islam","Cerai","Apoteker","Perancis"
"5842568573062204","b3TtY grE3Nf3LD","Makassar","2005-02-19","Laki-Laki","A","Jl. b3TtY grE3Nf3LD No. 37","Buddha","Belum Menikah","Guru","Korea"
"1315573795193958","LOma 5HEpard","Denpasar","1976-09-07","Perempuan","A","Jl. LOma 5HEpard No. 97","Hindu","Belum Menikah","Pengacara","Italia"
"0133894046675289","mrY 3lLS","Mojokerto","1990-10-07","Laki-Laki","A","Jl. mrY 3lLS No. 8","Katolik","Cerai","Mekanik","Myanmar"
"0052034074732068","dm0nD bTL3R","Balikpapan","1972-01-30","Perempuan","O","Jl. dm0nD bTL3R No. 23","Buddha","Cerai","Perdagangan","Singapura"
"0385888111920414","gINA b3r5On","Trenggalek","2004-12-13","Perempuan","AB","Jl. gINA b3r5On No. 71","Buddha","Menikah","Tenaga Tata Usaha","Kamboja"
"7202458471590223","J05ph Fr4nK","Pasuruan","1986-11-18","Perempuan","AB","Jl. J05ph Fr4nK No. 13","Protestan","Belum Menikah","Wartawan","Brunei"
"8598649201935398","kthL33N rm1rZ","Sragen","1975-10-17","Perempuan","AB","Jl. kthL33N rm1rZ No. 32","Islam","Cerai","Lainnya","Italia"
"1811789528015111","Tr4v5 krn","Sampang","1991-07-03","Laki-Laki","O","Jl. Tr4v5 krn No. 99","Islam","Belum Menikah","Karyawan BUMD","Italia"
"2977376894913502","kathle3n GRIFF1tH","Mataram","1970-12-06","Laki-Laki","B","Jl. kathle3n GRIFF1tH No. 21","Khonghucu","Belum Menikah","Kepolisian RI","Perancis"
"8989312798345188","L01S j3Nk1N5","Tasikmalaya","2007-03-06","Laki-Laki","O","Jl. L01S j3Nk1N5 No. 76","Khonghucu","Belum Menikah","Guru","Laos"
"9576556807289331","lyS gL4rT3","Nganjuk","1954-02-13","Laki-Laki","B","Jl. lyS gL4rT3 No. 81","Buddha","Belum Menikah","Pelajar / Mahasiswa","Singapura"
"3645864663866136","L4RRy wnGRd","Magelang","1951-04-13","Perempuan","O","Jl. L4RRy wnGRd No. 44","Hindu","Menikah","Manajer","Filipina"
"1667628643285904","ed3LMiR4 5tRz3L3Ck1","Pati","1996-09-22","Perempuan","O","Jl. ed3LMiR4 5tRz3L3Ck1 No. 11","Buddha","Menikah","Bupati","Italia"
"0730953253899669","Ch4rLe5 brOWN","Bondowoso","1967-07-09","Perempuan","B","Jl. Ch4rLe5 brOWN No. 46","Katolik","Belum Menikah","Peternak","Jepang"
"7015830556511195","rg3r ph1ll1P5","Pamekasan","1982-12-15","Perempuan","B","Jl. rg3r ph1ll1P5 No. 19","Katolik","Cerai","Karyawan Swasta","Korea"
"1768763591004214","s4RH Jt3R","Bekasi","1999-06-25","Perempuan","A","Jl. s4RH Jt3R No. 58","Islam","Cerai","Pelaut","Vietnam"
"3685016965785511","JCQlN brD3n","Blitar","1999-08-26","Perempuan","A","Jl. JCQlN brD3n No. 59","Katolik","Menikah","Karyawan Swasta","Singapura"
"1947627017622125","5tAc3y R0wE","Cimahi","1983-11-16","Perempuan","A","Jl. 5tAc3y R0wE No. 10","Protestan","Belum Menikah","Buruh Harian Lepas","Kamboja"
"8647352138043027","JHn tR1gg","Banyuwangi","1958-06-13","Laki-Laki","O","Jl. JHn tR1gg No. 40","Islam","Menikah","Nelayan / Perikanan","Myanmar"
"2590026622352133","5lLY WllS","Probolinggo","1999-01-25","Perempuan","A","Jl. 5lLY WllS No. 27","Islam","Menikah","Peneliti","Laos"
"9784027684078594","mr1M 4LVN3","Probolinggo","1958-06-23","Laki-Laki","AB","Jl. mr1M 4LVN3 No. 92","Protestan","Cerai","Pekerja Pengolahan","Filipina"
"9364722559356966","K3ITh MA1deN","Malang","1961-09-11","Laki-Laki","B","Jl. K3ITh MA1deN No. 1","Khonghucu","Belum Menikah","Paranormal","Vietnam"
"1058120947994210","oLg4 M3DiNA","Cimahi","1990-10-18","Perempuan","A","Jl. oLg4 M3DiNA No. 36","Hindu","Menikah","Duta Besar","Vietnam"
"1449986654103723","d4vID YoNG","Pasuruan","1994-05-13","Laki-Laki","A","Jl. d4vID YoNG No. 14","Buddha","Cerai","Dosen","Vietnam"
"0228155979792685","Ver4 M1TCh3LL","Makassar","1963-03-07","Perempuan","B","Jl. Ver4 M1TCh3LL No. 29","Hindu","Menikah","Pegawai Negeri Sipil","Myanmar"
"7157641729236709","STPH3n SYM4N","Lamongan","1996-02-26","Laki-Laki","O","Jl. STPH3n SYM4N No. 12","Protestan","Cerai","Tukang Las / Pandai Besi","Canada"
"5884123664821354","bry4nt l3wI5","Sabang","2001-02-05","Perempuan","A","Jl. bry4nt l3wI5 No. 1","Protestan","Menikah","Pengacara","Brunei"
"7705285192829964","J4m35 H4MmCK","Nganjuk","1979-07-05","Laki-Laki","B","Jl. J4m35 H4MmCK No. 30","Islam","Belum Menikah","Wartawan","Laos"
"8286838885690338","caR1na b3NDER","Magetan","1966-09-03","Perempuan","A","Jl. caR1na b3NDER No. 47","Islam","Menikah","Paraji","Vietnam"
"6004742123729680","dn brNk","Pasuruan","1982-12-22","Laki-Laki","B","Jl. dn brNk No. 36","Buddha","Menikah","Anggota Lembaga Tinggi","Vietnam"
"2906399232061552","5t3v 5TWRT","Lumajang","1968-09-30","Laki-Laki","A","Jl. 5t3v 5TWRT No. 24","Khonghucu","Menikah","Asisten Ahli","Canada"
"6654479337570036","KeRrY SM4LL5","Klaten","1966-02-10","Perempuan","B","Jl. KeRrY SM4LL5 No. 97","Protestan","Menikah","Karyawan BUMD","Italia"
"5041437594971506","JudY N3l5On","Tegal","1995-02-19","Laki-Laki","O","Jl. JudY N3l5On No. 44","Hindu","Menikah","Imam Masjid","Canada"
"1971787522130463","Ylnd4 0RT1Z","Banjarnegara","1990-10-15","Perempuan","B","Jl. Ylnd4 0RT1Z No. 44","Khonghucu","Cerai","Penata Busana","Korea"
"0474356725485505","R4nd0LpH G3rtN","Makassar","1961-12-06","Perempuan","AB","Jl. R4nd0LpH G3rtN No. 7","Protestan","Cerai","Gubernur","Malaysia"
"9450460183889305","c3L1 j0hn5N","Tarakan","1979-11-01","Laki-Laki","A","Jl. c3L1 j0hn5N No. 86","Buddha","Menikah","Bupati","Kamboja"
"4825364292848662","L154 GrN","Ngawi","1959-04-02","Laki-Laki","B","Jl. L154 GrN No. 36","Hindu","Cerai","Tukang Kayu","Thailand"
"3846145141630522","j4N3T AsH","Purbalingga","2000-04-17","Perempuan","A","Jl. j4N3T AsH No. 15","Katolik","Cerai","Anggota Lembaga Tinggi","Italia"
"1430152796067204","M4ry gERneR","Sidoarjo","1987-09-19","Perempuan","AB","Jl. M4ry gERneR No. 39","Buddha","Menikah","Karyawan Honorer","Malaysia"
"9490955316759109","rN5T KRklND","Mojokerto","1986-04-13","Laki-Laki","AB","Jl. rN5T KRklND No. 65","Hindu","Cerai","Perancang Busana","Jepang"
"5714139017629391","PATriCk d3b0sE","Lumajang","1993-07-06","Laki-Laki","B","Jl. PATriCk d3b0sE No. 88","Protestan","Menikah","Konstruksi","Jepang"
"0573547531502474","LrRY rm0S","Pangkal Pinang","1956-11-15","Perempuan","A","Jl. LrRY rm0S No. 80","Khonghucu","Belum Menikah","Buruh Nelayan / Perikanan","Laos"
"0020084011566194","M1cheLL3 5CRiVNer","Gresik","1990-09-26","Laki-Laki","B","Jl. M1cheLL3 5CRiVNer No. 54","Hindu","Menikah","Transportasi","Perancis"
"7049508923122231","Dnn d4n1l5","Lumajang","1957-03-19","Laki-Laki","O","Jl. Dnn d4n1l5 No. 50","Buddha","Belum Menikah","Presiden","Amerika"
"4829273115282266","Gl0r1 dm0nD5","Bondowoso","1966-01-27","Laki-Laki","A","Jl. Gl0r1 dm0nD5 No. 19","Katolik","Belum Menikah","Pedagang","Kamboja"
"3974734481574581","j4sn Strfl3r","Tuban","1955-11-28","Perempuan","B","Jl. j4sn Strfl3r No. 9","Khonghucu","Belum Menikah","Juru Masak","Brunei"
"6846933320197011","1R1S qVd","Batam","1990-02-23","Perempuan","B","Jl. 1R1S qVd No. 51","Buddha","Menikah","Presiden","Canada"
"4574080324903978","rOb3rt WH1TSon","Banyuwangi","2001-09-26","Laki-Laki","A","Jl. rOb3rt WH1TSon No. 25","Hindu","Belum Menikah","Promotor Acara","Korea"
"8135626149797956","f3L1C1A DuNCAN","Jambi","1975-04-16","Perempuan","A","Jl. f3L1C1A DuNCAN No. 62","Islam","Cerai","Bidan","Filipina"
"7268687705378447","3r1K M4NCH4","Blitar","1985-10-06","Perempuan","AB","Jl. 3r1K M4NCH4 No. 27","Buddha","Belum Menikah","Ustadz / Mubaligh","Amerika"
"8336926063508852","R0bRt P4tCh","Trenggalek","1970-08-05","Perempuan","AB","Jl. R0bRt P4tCh No. 55","Hindu","Belum Menikah","Buruh Nelayan / Perikanan","Italia"
"2179334919673087","P4TrIC1a 4USTiN","Trenggalek","1994-03-17","Laki-Laki","B","Jl. P4TrIC1a 4USTiN No. 84","Hindu","Belum Menikah","Tukang Las / Pandai Besi","Filipina"
"1949508005360902","mrG4RT KPr","Tuban","1957-11-01","Perempuan","A","Jl. mrG4RT KPr No. 96","Khonghucu","Belum Menikah","Artis","Jepang"
"2528014984032528","pTRc4 mcMLln","Pamekasan","1953-03-26","Laki-Laki","B","Jl. pTRc4 mcMLln No. 9","Islam","Menikah","Anggota Lembaga Tinggi","Amerika"
"2048383518491257","Alic3 c4R1lLo","Tuban","1971-03-25","Laki-Laki","B","Jl. Alic3 c4R1lLo No. 11","Protestan","Cerai","Manajer","Jepang"
"4480734965996776","J0hN H0KR","Sabang","1993-06-09","Perempuan","AB","Jl. J0hN H0KR No. 80","Khonghucu","Menikah","Tukang Las / Pandai Besi","Italia"
"0486212233496018","M3ld3 54Nt1LlN","Purbalingga","1950-04-23","Laki-Laki","AB","Jl. M3ld3 54Nt1LlN No. 53","Buddha","Menikah","Paraji","Italia"
"7072990261428887","BV3Rly dpHn","Batam","1975-10-22","Laki-Laki","A","Jl. BV3Rly dpHn No. 63","Islam","Menikah","Biarawati","Singapura"
"3619612324318375","S0NY4 b3RGM4N","Semarang","1987-06-26","Laki-Laki","A","Jl. S0NY4 b3RGM4N No. 7","Protestan","Menikah","Tenaga Tata Usaha","Korea"
"1937868367365479","mAry mcmuRrY","Sidoarjo","1985-05-19","Perempuan","AB","Jl. mAry mcmuRrY No. 48","Hindu","Cerai","Bupati","Thailand"
"2175975712933784","sh1Rly b3DS0l","Kediri","1999-04-05","Perempuan","A","Jl. sh1Rly b3DS0l No. 99","Protestan","Cerai","Biarawati","Singapura"
"3149098349187947","3DwRd dW4rd5","Probolinggo","1997-06-21","Perempuan","B","Jl. 3DwRd dW4rd5 No. 66","Islam","Menikah","Pedagang","Singapura"
"4686149502144296","3lzb3Th 3rw1n","Jayapura","1978-04-27","Perempuan","A","Jl. 3lzb3Th 3rw1n No. 48","Protestan","Cerai","Tukang Kayu","Myanmar"
"6396373430318249","mL15s4 C45l1","Probolinggo","2004-12-28","Perempuan","A","Jl. mL15s4 C45l1 No. 57","Katolik","Cerai","Anggota DPRD Kabupaten","Amerika"
"4984823970646368","WLl4m CLV3s","Tulungagung","1996-03-15","Perempuan","O","Jl. WLl4m CLV3s No. 16","Khonghucu","Cerai","Peternak","Filipina"
"5731356541138649","mOhAMM4D G0sS3Lin","Bondowoso","1984-05-26","Perempuan","AB","Jl. mOhAMM4D G0sS3Lin No. 22","Katolik","Menikah","Penata Busana","Perancis"
"7494247630260002","m3l15Sa k0u","Pati","1959-12-27","Laki-Laki","B","Jl. m3l15Sa k0u No. 93","Khonghucu","Menikah","Mengurus Rumah Tangga","Korea"
"6813638412091732","hrm4n m1nCH3w","Kediri","1965-06-27","Laki-Laki","AB","Jl. hrm4n m1nCH3w No. 92","Hindu","Cerai","Anggota DPR-RI","Thailand"
"5910101120103958","eLl3N BuG4rIn","Kediri","1952-04-27","Laki-Laki","B","Jl. eLl3N BuG4rIn No. 38","Hindu","Cerai","Pegawai Negeri Sipil","Korea"
"3879182534294626","4Nn PSCH4Ll","Bekasi","1949-07-30","Laki-Laki","AB","Jl. 4Nn PSCH4Ll No. 1","Hindu","Belum Menikah","Pialang","Vietnam"
"3469854154690469","J4N DRs3Y","Padang","1952-05-19","Laki-Laki","O","Jl. J4N DRs3Y No. 92","Katolik","Cerai","Pembantu Rumah Tangga","Thailand"
"8516008768470464","m4Ry DG4Rd","Probolinggo","1975-05-14","Perempuan","B","Jl. m4Ry DG4Rd No. 93","Khonghucu","Cerai","Anggota DPRD Provinsi","Indonesia"
"9549689734829442","4ly5s CR0SBy","Wonogiri","1991-10-16","Perempuan","AB","Jl. 4ly5s CR0SBy No. 90","Khonghucu","Cerai","Perdagangan","Inggris"
"9820916628042955","RllND f3rRs1","Batu","1975-10-20","Perempuan","B","Jl. RllND f3rRs1 No. 92","Protestan","Belum Menikah","Pengacara","Kamboja"
"4520823595819909","roberT HulL","Pasuruan","1963-12-30","Perempuan","AB","Jl. roberT HulL No. 53","Buddha","Menikah","Penyiar Radio","Amerika"
"7033713940870012","554N NDRs0n","Lamongan","1969-11-24","Laki-Laki","AB","Jl. 554N NDRs0n No. 72","Katolik","Menikah","Pendeta","Laos"
"1999469399815599","JaneT ca1N","Bondowoso","1947-08-23","Laki-Laki","O","Jl. JaneT ca1N No. 16","Buddha","Menikah","Imam Masjid","Myanmar"
"4204019542004765","pt3 FR3M4n","Sampang","1999-04-14","Laki-Laki","O","Jl. pt3 FR3M4n No. 7","Protestan","Menikah","Belum / Tidak Bekerja","Singapura"
"4827426836559796","5T3pH4N13 Br0wn","Kediri","1971-12-16","Laki-Laki","B","Jl. 5T3pH4N13 Br0wn No. 55","Buddha","Belum Menikah","Notaris","Brunei"
"7946672382549751","3r1N bR4inarD","Batu","1948-12-19","Laki-Laki","B","Jl. 3r1N bR4inarD No. 98","Islam","Menikah","Perangkat Desa","Brunei"
"7175562991709207","L55Tt BrY4nT","Pamekasan","1974-02-20","Perempuan","AB","Jl. L55Tt BrY4nT No. 35","Katolik","Belum Menikah","Teknisi","Brunei"
"2618889529718148","ST3lL4 rCH4Rd","Palu","1966-07-23","Perempuan","B","Jl. ST3lL4 rCH4Rd No. 40","Khonghucu","Cerai","Tenaga Tata Usaha","Korea"
"3245544712343035","54raH DurIe","Gresik","2007-05-16","Laki-Laki","A","Jl. 54raH DurIe No. 60","Katolik","Belum Menikah","Wiraswasta","Brunei"
"3795449258863337","p3T3r rb1NSN","Cilacap","1988-01-25","Perempuan","A","Jl. p3T3r rb1NSN No. 43","Khonghucu","Menikah","Tukang Kayu","Kamboja"
"8082273021609544","ryn grc1","Batam","1949-05-27","Laki-Laki","B","Jl. ryn grc1 No. 1","Buddha","Cerai","Karyawan BUMN","Brunei"
"5033336225177650","BRNc s1mM3RM4N","Gresik","1970-05-14","Perempuan","O","Jl. BRNc s1mM3RM4N No. 47","Protestan","Cerai","Notaris","Amerika"
"2081234242924338","MIn3Rva MUN1Z","Sumenep","1990-08-30","Perempuan","B","Jl. MIn3Rva MUN1Z No. 34","Buddha","Belum Menikah","Sopir","Vietnam"
"9498989123409731","Chd 4TN","Madiun","1961-07-19","Laki-Laki","A","Jl. Chd 4TN No. 8","Buddha","Menikah","Kepolisian RI","Canada"
"6637483510535904","r1t4 TAcK3tt","Sampang","1955-12-07","Perempuan","A","Jl. r1t4 TAcK3tt No. 18","Islam","Belum Menikah","Pegawai Negeri Sipil","Thailand"
"0468336158630157","caROlYN aNdEr5On","Bondowoso","1994-04-12","Perempuan","O","Jl. caROlYN aNdEr5On No. 75","Hindu","Cerai","Penerjemah","Inggris"
"4931988174058762","L3N4 GRdN3r","Probolinggo","1971-03-08","Laki-Laki","B","Jl. L3N4 GRdN3r No. 30","Khonghucu","Belum Menikah","Karyawan BUMD","Inggris"
"3702669117098553","tmm RSs1N","Bandung","1997-04-16","Perempuan","AB","Jl. tmm RSs1N No. 14","Buddha","Menikah","Anggota Kabinet / Kementerian","Laos"
"9986925301349527","W4lTeR tUCK3r","Tuban","1956-10-04","Laki-Laki","A","Jl. W4lTeR tUCK3r No. 63","Katolik","Menikah","Anggota DPD","Vietnam"
"6429505015717510","G3rG LdTK","Pangkal Pinang","1951-01-06","Laki-Laki","B","Jl. G3rG LdTK No. 37","Buddha","Belum Menikah","Notaris","Italia"
"1397559880579924","D3sm0nd 5p1GHt5","Surabaya","1986-05-11","Perempuan","O","Jl. D3sm0nd 5p1GHt5 No. 96","Hindu","Cerai","Belum / Tidak Bekerja","Filipina"
"4860681064185904","b3TTy l33","Pasuruan","1950-05-21","Laki-Laki","B","Jl. b3TTy l33 No. 43","Buddha","Belum Menikah","Imam Masjid","Brunei"
"6935788643127833","cRNn3 H4RT","Kebumen","1968-04-27","Perempuan","B","Jl. cRNn3 H4RT No. 7","Khonghucu","Menikah","Lainnya","Malaysia"
"7584147396477307","TMtHY Ft4N1D5","Ngawi","1987-09-11","Perempuan","AB","Jl. TMtHY Ft4N1D5 No. 93","Hindu","Menikah","Wiraswasta","Kamboja"
"0671677237129055","Rym0nd N1Ttlr","Magetan","2007-03-03","Laki-Laki","AB","Jl. Rym0nd N1Ttlr No. 82","Buddha","Cerai","Psikiater / Psikolog","Myanmar"
"1885446670363314","Rich4rd m1Ller","Semarang","1952-01-20","Perempuan","B","Jl. Rich4rd m1Ller No. 51","Hindu","Menikah","Pegawai Negeri Sipil","Korea"
"7802092034028478","L4r3 lv3","Purbalingga","1961-01-13","Laki-Laki","A","Jl. L4r3 lv3 No. 75","Buddha","Cerai","Biarawati","Laos"
"6346067856062322","HOllY WIND50r","Pati","1967-08-12","Laki-Laki","O","Jl. HOllY WIND50r No. 45","Khonghucu","Menikah","Konsultan","Inggris"
"3200104036082758","r4nD4Ll WLSh","Klaten","1949-09-21","Laki-Laki","A","Jl. r4nD4Ll WLSh No. 78","Protestan","Menikah","Anggota DPRD Provinsi","Thailand"
"4694121487647527","LF0N50 g1B5n","Cilegon","1966-07-19","Laki-Laki","O","Jl. LF0N50 g1B5n No. 53","Buddha","Cerai","Dokter","Perancis"
"1711778615961378","4da mIllER","Klaten","1978-04-03","Laki-Laki","A","Jl. 4da mIllER No. 19","Buddha","Cerai","Gubernur","Inggris"
"9575197258019506","jAM35 BrinKmAnN","Sukabumi","1988-06-04","Laki-Laki","B","Jl. jAM35 BrinKmAnN No. 4","Katolik","Menikah","Pastur","Myanmar"
"1836088910271120","b3Rtrm v1llRr34l","Bojonegoro","2002-05-22","Perempuan","B","Jl. b3Rtrm v1llRr34l No. 10","Protestan","Belum Menikah","Duta Besar","Perancis"
"1201211936782535","Mr1 mr50N","Cilacap","1981-06-30","Perempuan","B","Jl. Mr1 mr50N No. 87","Hindu","Menikah","Wartawan","Indonesia"
"1407569133939777","m3L4N1 bg3Lw","Pamekasan","1987-07-19","Laki-Laki","B","Jl. m3L4N1 bg3Lw No. 41","Hindu","Cerai","Buruh Peternakan","Amerika"
"5882114233591721","JS0N cs3Y","Tegal","1953-09-11","Laki-Laki","AB","Jl. JS0N cs3Y No. 23","Protestan","Cerai","Perdagangan","Korea"
"3210837813133042","tm0Thy ll3w3LLyN","Batam","1975-11-04","Laki-Laki","O","Jl. tm0Thy ll3w3LLyN No. 75","Khonghucu","Belum Menikah","Pilot","Italia"
"0094662049872807","wEnD3LL 54l4ZAR","Sidoarjo","1987-02-24","Laki-Laki","AB","Jl. wEnD3LL 54l4ZAR No. 89","Islam","Belum Menikah","Tukang Batu","Myanmar"
"1788061014359817","R0b3rT g4RC1A","Madiun","1973-02-22","Perempuan","B","Jl. R0b3rT g4RC1A No. 69","Katolik","Belum Menikah","Promotor Acara","Thailand"
"1510536743412078","KThrYN dln3y","Salatiga","1985-08-17","Laki-Laki","B","Jl. KThrYN dln3y No. 52","Protestan","Cerai","Anggota BPK","Myanmar"
"7162867822591453","CurtI5 JACK50n","Batam","1956-07-27","Perempuan","O","Jl. CurtI5 JACK50n No. 63","Katolik","Cerai","Penata Busana","Laos"
"6869622390110664","tDD MCKlvy","Pamekasan","1996-07-26","Perempuan","O","Jl. tDD MCKlvy No. 82","Protestan","Cerai","Duta Besar","Indonesia"
"9268635300233389","no3L chRISTiaN","Sumenep","1995-02-28","Perempuan","AB","Jl. no3L chRISTiaN No. 66","Khonghucu","Menikah","Asisten Ahli","Myanmar"
"2248313435436025","N4d G4stN","Blitar","1970-12-15","Laki-Laki","O","Jl. N4d G4stN No. 77","Khonghucu","Cerai","Wakil Walikota","Inggris"
"0428641220597415","Lilli4M 5iLv31r4","Jayapura","1994-09-25","Perempuan","O","Jl. Lilli4M 5iLv31r4 No. 41","Katolik","Cerai","Pegawai Negeri Sipil","Perancis"
"2640727257973987","g4ry sAmuEL5","Pontianak","1964-03-25","Laki-Laki","A","Jl. g4ry sAmuEL5 No. 87","Katolik","Menikah","Konsultan","Jepang"
"0920583751288308","H4z3L j0Hn50N","Batam","2001-09-21","Perempuan","A","Jl. H4z3L j0Hn50N No. 44","Khonghucu","Menikah","Kepolisian RI","Amerika"
"3878818686587858","m1K nWT0n","Blitar","1973-10-27","Perempuan","AB","Jl. m1K nWT0n No. 20","Protestan","Menikah","Paranormal","Vietnam"
"3910210690694793","P3Ggy FV3R","Palembang","1991-05-21","Laki-Laki","B","Jl. P3Ggy FV3R No. 2","Katolik","Belum Menikah","Pensiunan","Jepang"
"5614334426990992","LoRR4InE ReN0LdS","Nganjuk","1950-06-15","Perempuan","B","Jl. LoRR4InE ReN0LdS No. 86","Hindu","Belum Menikah","Nelayan / Perikanan","Inggris"
"7324880367620252","RN3 Ng","Surakarta","1957-05-27","Perempuan","A","Jl. RN3 Ng No. 92","Protestan","Belum Menikah","Mengurus Rumah Tangga","Malaysia"
"6623931100491927","jac0b R0sAr10","Nganjuk","1950-01-19","Laki-Laki","O","Jl. jac0b R0sAr10 No. 26","Khonghucu","Belum Menikah","Pialang","Perancis"
"4895796318674509","j4m13 WeB5T3r","Denpasar","2005-08-06","Laki-Laki","AB","Jl. j4m13 WeB5T3r No. 17","Khonghucu","Belum Menikah","Industri","Singapura"
"1603695471509243","Trn4 LTTl","Banda Aceh","1966-04-23","Laki-Laki","A","Jl. Trn4 LTTl No. 49","Katolik","Belum Menikah","Penerjemah","Italia"
"7974752822763766","Ju4N GrE3nlee","Cilegon","1960-05-21","Perempuan","AB","Jl. Ju4N GrE3nlee No. 29","Buddha","Belum Menikah","Pegawai Negeri Sipil","Filipina"
"2323394480473223","sCtt Dc3Tt3","Ponorogo","1950-12-10","Perempuan","A","Jl. sCtt Dc3Tt3 No. 100","Protestan","Cerai","Walikota","Malaysia"
"0956242995382140","erw1n bruNe","Pasuruan","2006-02-27","Perempuan","O","Jl. erw1n bruNe No. 75","Buddha","Belum Menikah","Seniman","Singapura"
"2068595690684999","j0S3 cH4PP3lL","Tulungagung","1978-10-02","Laki-Laki","A","Jl. j0S3 cH4PP3lL No. 21","Khonghucu","Cerai","Pialang","Jepang"
"9214943246527399","MARGar3T H315HmAn","Nganjuk","1984-08-16","Laki-Laki","O","Jl. MARGar3T H315HmAn No. 53","Hindu","Menikah","Kepolisian RI","Perancis"
"7640176433642483","j0YC3 wlLMS","Sragen","2001-12-17","Laki-Laki","AB","Jl. j0YC3 wlLMS No. 95","Hindu","Menikah","Bidan","Singapura"
"4333294469066190","kaRL h0n3y","Banyuwangi","1995-04-18","Perempuan","AB","Jl. kaRL h0n3y No. 82","Katolik","Menikah","Buruh Tani / Perkebunan","Perancis"
"6748524114830713","DAV1D mORRoW","Tanjungpinang","1986-12-02","Laki-Laki","B","Jl. DAV1D mORRoW No. 68","Khonghucu","Menikah","Tukang Las / Pandai Besi","Italia"
"8428963948070892","JUl1E D1x","Cilacap","1996-09-27","Perempuan","A","Jl. JUl1E D1x No. 30","Islam","Cerai","Penerjemah","Jepang"
"5224423527075144","sH1rlEy 54nMIgu3l","Tulungagung","2000-03-08","Perempuan","AB","Jl. sH1rlEy 54nMIgu3l No. 51","Khonghucu","Menikah","Imam Masjid","Vietnam"
"6042566773945184","ln3 grh4M","Brebes","1991-01-06","Perempuan","A","Jl. ln3 grh4M No. 16","Katolik","Cerai","Wakil Walikota","Italia"
"5839950677735303","F0RR3St B0UTIn","Wonogiri","2003-09-03","Laki-Laki","AB","Jl. F0RR3St B0UTIn No. 23","Protestan","Belum Menikah","Pembantu Rumah Tangga","Vietnam"
"6635729142233257","B3NNy BeCW4r","Purbalingga","1993-03-04","Perempuan","B","Jl. B3NNy BeCW4r No. 50","Buddha","Cerai","Biarawati","Vietnam"
"5002599015390101","P3n3Lp cl4rk","Bondowoso","1982-03-31","Perempuan","AB","Jl. P3n3Lp cl4rk No. 1","Hindu","Belum Menikah","Kepala Desa","Jepang"
"3188666849397943","c1NDY P3T3R50N","Sampang","2003-11-14","Perempuan","A","Jl. c1NDY P3T3R50N No. 98","Buddha","Cerai","Konstruksi","Malaysia"
"4253691454510236","r0beRt wrIght","Subulussalam","1982-04-25","Perempuan","B","Jl. r0beRt wrIght No. 9","Hindu","Cerai","Tukang Cukur","Indonesia"
"5039239030790820","R3ne WeB5t3r","Malang","1971-03-22","Laki-Laki","B","Jl. R3ne WeB5t3r No. 25","Buddha","Belum Menikah","Walikota","Filipina"
"2157578179416602","EaRl BuRg0s","Mojokerto","1997-11-21","Laki-Laki","B","Jl. EaRl BuRg0s No. 78","Khonghucu","Belum Menikah","Duta Besar","Indonesia"
"2128655154886016","kRT1s Kn3","Pasuruan","1958-04-30","Perempuan","A","Jl. kRT1s Kn3 No. 59","Protestan","Menikah","Pekerja Pengolahan","Malaysia"
"7658627460711211","5NY4 p4Tt0N","Lumajang","1993-06-15","Perempuan","O","Jl. 5NY4 p4Tt0N No. 19","Buddha","Cerai","Guru","Malaysia"
"2406038851279611","3l4N0R N0RMn","Denpasar","1972-03-30","Perempuan","A","Jl. 3l4N0R N0RMn No. 5","Khonghucu","Menikah","Anggota Kabinet / Kementerian","Filipina"
"7175182166804711","ED1tH fRaZi3R","Sumenep","1996-06-12","Perempuan","O","Jl. ED1tH fRaZi3R No. 69","Islam","Cerai","Penyiar Radio","Perancis"
"6764099041039895","m4ry Bw3r5","Binjai","1975-10-29","Perempuan","O","Jl. m4ry Bw3r5 No. 54","Hindu","Belum Menikah","Kepala Desa","Korea"
"7107673951069419","wIll15 alLDREDgE","Pati","1981-02-01","Laki-Laki","O","Jl. wIll15 alLDREDgE No. 22","Katolik","Cerai","Seniman","Vietnam"
"6031584935356344","scTT w3ll5","Subulussalam","1997-05-05","Perempuan","B","Jl. scTT w3ll5 No. 27","Buddha","Belum Menikah","Gubernur","Perancis"
"0992031210752093","PbL0 pn","Subulussalam","2006-09-17","Perempuan","A","Jl. PbL0 pn No. 76","Hindu","Belum Menikah","Pialang","Inggris"
"0413736577701686","5H1rL3y BIck3l","Surakarta","1985-01-08","Perempuan","AB","Jl. 5H1rL3y BIck3l No. 32","Protestan","Cerai","Pelajar / Mahasiswa","Italia"
"1513056405886253","BarbAr4 KORn","Sumenep","1997-08-07","Perempuan","O","Jl. BarbAr4 KORn No. 67","Katolik","Cerai","Teknisi","Amerika"
"4940986677780133","b3SSie L3w15","Gresik","1972-09-01","Laki-Laki","B","Jl. b3SSie L3w15 No. 90","Islam","Cerai","Paraji","Indonesia"
"5257395830126525","j4ms J0HN","Pasuruan","1973-11-23","Perempuan","B","Jl. j4ms J0HN No. 44","Hindu","Menikah","Karyawan BUMD","Singapura"
"3339205082798949","W1lLi4m c4NN0n","Sidoarjo","2000-01-30","Laki-Laki","A","Jl. W1lLi4m c4NN0n No. 87","Khonghucu","Cerai","Penata Rambut","Jepang"
"7715194367823386","JC3Lyn KR15","Tuban","1988-09-02","Perempuan","A","Jl. JC3Lyn KR15 No. 52","Khonghucu","Belum Menikah","Penyiar Televisi","Jepang"
"4588677112880372","c4rL05 KN1gHt","Palembang","1972-01-01","Laki-Laki","A","Jl. c4rL05 KN1gHt No. 86","Hindu","Cerai","Pengacara","Kamboja"
"7793642311505077","3DG4r dc0n","Manado","1952-10-02","Laki-Laki","AB","Jl. 3DG4r dc0n No. 14","Islam","Belum Menikah","Konsultan","Italia"
"4461935431872712","t4MM gr1Ll","Sidoarjo","1976-01-19","Perempuan","O","Jl. t4MM gr1Ll No. 99","Katolik","Cerai","Gubernur","Filipina"
"3538841544968216","tHomaS r0S4LE5","Batu","2001-07-17","Laki-Laki","A","Jl. tHomaS r0S4LE5 No. 23","Katolik","Menikah","Anggota Mahkamah Konstitusi","Jepang"
"9010091235993213","4nG3La ogg","Manado","1995-12-26","Perempuan","O","Jl. 4nG3La ogg No. 3","Protestan","Belum Menikah","Lainnya","Myanmar"
"3927545879790787","Melv1n REdF0RD","Blitar","1953-08-03","Laki-Laki","A","Jl. Melv1n REdF0RD No. 44","Protestan","Belum Menikah","Chef","Vietnam"
"6086095239609558","mARTh4 mCN3w","Pamekasan","1983-09-10","Laki-Laki","B","Jl. mARTh4 mCN3w No. 63","Islam","Belum Menikah","Gubernur","Brunei"
"0615980782018093","MTThW W3Bb","Gresik","1984-06-27","Perempuan","AB","Jl. MTThW W3Bb No. 97","Protestan","Belum Menikah","Tukang Jahit","Inggris"
"0325794207403506","DAViD s43LeR","Kupang","1991-02-04","Perempuan","A","Jl. DAViD s43LeR No. 17","Protestan","Cerai","Nelayan / Perikanan","Singapura"
"9559919150144473","PT3R nll3r","Tasikmalaya","1972-08-06","Laki-Laki","A","Jl. PT3R nll3r No. 45","Katolik","Menikah","Asisten Ahli","Vietnam"
"3815021566381177","k4tHErine R4DDEN","Mojokerto","1981-02-02","Laki-Laki","O","Jl. k4tHErine R4DDEN No. 53","Islam","Menikah","Guru","Jepang"
"9170761672313971","1d4 gabEl","Batu","1989-06-21","Perempuan","AB","Jl. 1d4 gabEl No. 51","Hindu","Menikah","Tukang Jahit","Filipina"
"2933314658219429","v1Cki 0rT1Z","Pacitan","1998-04-04","Laki-Laki","A","Jl. v1Cki 0rT1Z No. 21","Khonghucu","Belum Menikah","Buruh Peternakan","Malaysia"
"3763788145010208","pATRiC1A WElboRN","Lumajang","1957-05-28","Perempuan","A","Jl. pATRiC1A WElboRN No. 5","Khonghucu","Menikah","Tukang Cukur","Brunei"
"9100154904124513","Sndr4 N3tTl35","Lamongan","2006-11-12","Perempuan","AB","Jl. Sndr4 N3tTl35 No. 27","Katolik","Menikah","Lainnya","Inggris"
"0184938270197792","m4d3l3iNe f1Ll1NgHAM","Sumenep","1952-05-19","Laki-Laki","B","Jl. m4d3l3iNe f1Ll1NgHAM No. 17","Protestan","Cerai","Walikota","Jepang"
"9209829453710443","H0p T0rr35","Lumajang","1968-02-04","Perempuan","A","Jl. H0p T0rr35 No. 61","Protestan","Belum Menikah","Tabib","Perancis"
"1560784247052518","kthRyN WLkR","Lumajang","2005-09-08","Laki-Laki","A","Jl. kthRyN WLkR No. 95","Khonghucu","Menikah","Pedagang","Canada"
"8521476484566057","g4ry can0","Jember","1964-06-28","Laki-Laki","B","Jl. g4ry can0 No. 11","Buddha","Belum Menikah","Tukang Cukur","Amerika"
"6654561561920069","jYc3 v4ghN","Ponorogo","1991-05-22","Perempuan","O","Jl. jYc3 v4ghN No. 41","Protestan","Cerai","Wakil Walikota","Filipina"
"8208094983437141","L3 H5tn","Banyuwangi","1990-10-31","Perempuan","A","Jl. L3 H5tn No. 24","Katolik","Belum Menikah","Operator","Laos"
"8570642053728666","rOmA g0mEr","Subulussalam","1959-10-01","Laki-Laki","AB","Jl. rOmA g0mEr No. 10","Katolik","Menikah","Tenaga Tata Usaha","Vietnam"
"5853664939449251","J0HN haRR15","Pati","2002-08-14","Laki-Laki","A","Jl. J0HN haRR15 No. 28","Islam","Menikah","Artis","Canada"
"0667480708596848","c4S54nDr4 mUNcY","Probolinggo","1989-06-11","Perempuan","O","Jl. c4S54nDr4 mUNcY No. 42","Hindu","Belum Menikah","Juru Masak","Vietnam"
"6956848983661211","l3ry lHmN","Malang","2002-10-04","Laki-Laki","O","Jl. l3ry lHmN No. 64","Islam","Menikah","Tukang Listrik","Laos"
"4913021804631109","15aac Y0UNg","Gresik","2005-01-31","Perempuan","AB","Jl. 15aac Y0UNg No. 82","Protestan","Cerai","Tukang Las / Pandai Besi","Laos"
"0042612640169390","K4yL zMm3R","Lhokseumawe","1996-09-13","Laki-Laki","B","Jl. K4yL zMm3R No. 58","Islam","Menikah","Anggota DPRD Provinsi","Malaysia"
"3700832340929357","3RCk4 SCHr35T","Probolinggo","1969-03-04","Perempuan","O","Jl. 3RCk4 SCHr35T No. 31","Hindu","Menikah","Anggota BPK","Laos"
"2795875500163734","4L1C3 5ImP5On","Samarinda","1963-07-11","Laki-Laki","O","Jl. 4L1C3 5ImP5On No. 47","Hindu","Belum Menikah","Anggota Kabinet / Kementerian","Amerika"
"4115916873108440","joHn JucKeTt","Wonogiri","1968-02-29","Laki-Laki","B","Jl. joHn JucKeTt No. 91","Katolik","Belum Menikah","Manajer","Singapura"
"0546487541203828","r0B3rt MinTeR","Madiun","1988-01-18","Perempuan","B","Jl. r0B3rt MinTeR No. 44","Khonghucu","Belum Menikah","Wakil Walikota","Canada"
"5590349965634399","ROBERT hErR3ra","Lamongan","1995-09-22","Perempuan","B","Jl. ROBERT hErR3ra No. 85","Hindu","Belum Menikah","Konsultan","Perancis"
"1012025828135875","j3fF W3LLs","Lamongan","1995-03-08","Laki-Laki","AB","Jl. j3fF W3LLs No. 79","Islam","Belum Menikah","Operator","Singapura"
"4897316825107678","c4Th3R1N3 TKNs","Kediri","1976-01-26","Laki-Laki","B","Jl. c4Th3R1N3 TKNs No. 88","Khonghucu","Menikah","Chef","Filipina"
"5110817828000331","w4Nd4 dvLy","Denpasar","1997-10-09","Laki-Laki","A","Jl. w4Nd4 dvLy No. 65","Buddha","Cerai","Karyawan BUMD","Amerika"
"4201039778126886","hm3r h1LL","Bangkalan","1972-02-10","Laki-Laki","AB","Jl. hm3r h1LL No. 3","Buddha","Cerai","Artis","Laos"
"8899879840218486","alViN HIll","Probolinggo","1958-06-14","Perempuan","O","Jl. alViN HIll No. 22","Hindu","Cerai","Paranormal","Brunei"
"2430004235360863","C0NnI3 c4Mp10n","Kupang","1980-06-15","Laki-Laki","B","Jl. C0NnI3 c4Mp10n No. 1","Katolik","Cerai","Dosen","Brunei"
"9109472348111619","Fr3D3RICK garc1a","Manado","1952-04-24","Perempuan","A","Jl. Fr3D3RICK garc1a No. 27","Protestan","Menikah","Tukang Kayu","Vietnam"
"6540131190172992","Jhn KT1ng","Magelang","1969-04-08","Laki-Laki","O","Jl. Jhn KT1ng No. 38","Buddha","Menikah","Tukang Kayu","Inggris"
"9426602096927162","h1Plt K3Mp","Blitar","1948-08-07","Laki-Laki","AB","Jl. h1Plt K3Mp No. 26","Khonghucu","Menikah","Penata Rias","Thailand"
"7945882145931305","B3VRlY w1n5tN","Bandung","1982-12-29","Perempuan","AB","Jl. B3VRlY w1n5tN No. 21","Katolik","Belum Menikah","Tukang Batu","Perancis"
"7390408135657650","bBb13 bwR","Banda Aceh","1954-03-09","Perempuan","B","Jl. bBb13 bwR No. 86","Islam","Belum Menikah","Perdagangan","Kamboja"
"3197233132625168","dnn1S H4gY","Lhokseumawe","1963-09-13","Perempuan","B","Jl. dnn1S H4gY No. 2","Katolik","Belum Menikah","Pegawai Negeri Sipil","Perancis"
"9213651533893384","r0b3rt duw3","Sumenep","1995-07-07","Laki-Laki","A","Jl. r0b3rt duw3 No. 52","Hindu","Cerai","Manajer","Thailand"
"0093438693721903","a5hl3Y gARc14","Jember","1950-02-22","Perempuan","O","Jl. a5hl3Y gARc14 No. 22","Katolik","Cerai","Perdagangan","Thailand"
"4564130918325781","L4nn4 Bl4CKbRN","Kediri","1991-12-07","Perempuan","O","Jl. L4nn4 Bl4CKbRN No. 24","Buddha","Menikah","Pilot","Malaysia"
"4891643056185585","su5an BYL3R","Mataram","1953-07-23","Perempuan","A","Jl. su5an BYL3R No. 84","Katolik","Cerai","Tenaga Tata Usaha","Thailand"
"2334109705832309","DOnaLd CoT3","Banyuwangi","1966-02-06","Perempuan","AB","Jl. DOnaLd CoT3 No. 12","Khonghucu","Menikah","Penata Busana","Malaysia"
"8235332218832425","DaV1D l35l13","Bondowoso","1985-03-10","Laki-Laki","O","Jl. DaV1D l35l13 No. 87","Khonghucu","Belum Menikah","Teknisi","Inggris"
"0671393905647948","W1Ll1am baIn","Ngawi","1976-10-31","Laki-Laki","O","Jl. W1Ll1am baIn No. 29","Hindu","Belum Menikah","Pegawai Negeri Sipil","Italia"
"4040304685810472","T4RA bR31Sch","Malang","1995-08-11","Perempuan","A","Jl. T4RA bR31Sch No. 21","Buddha","Menikah","Buruh Peternakan","Myanmar"
"4353449926830097","gR3gRY s4ld4","Mojokerto","2006-03-11","Laki-Laki","A","Jl. gR3gRY s4ld4 No. 29","Hindu","Belum Menikah","Pelaut","Brunei"
"2488982481401183","R4 D3J4ck0M","Bekasi","1988-09-02","Perempuan","AB","Jl. R4 D3J4ck0M No. 89","Hindu","Cerai","Karyawan BUMN","Inggris"
"9171986584053072","p3T3r Turn3R","Situbondo","1964-07-12","Perempuan","A","Jl. p3T3r Turn3R No. 12","Protestan","Cerai","Karyawan Swasta","Thailand"
